entry_time,entry_price,exit_time,exit_price,direction,stop_loss,take_profit,exit_reason,pnl,return_pct,fvg_lower,fvg_upper,fvg_middle,cumulative_pnl,equity,is_win,streak
2022-01-07 08:45:00,18089.577341,2022-01-07 09:00:00,18016.268305,Long,18016.268305,18456.122520999994,SL,-73.30903599999874,-0.4052556597541056,18054.641003,18062.372816,18058.5069095,-73.30903599999874,9926.690964000001,False,1
2022-01-10 08:45:00,17478.764162,2022-01-10 12:30:00,17620.514056,Short,17620.514056,16770.014691999997,SL,-141.7498940000005,-0.8109835036745574,17576.986816,17589.300443,17583.143629500002,-215.05892999999924,9784.94107,False,1
2022-01-14 08:45:00,17847.313886,2022-01-14 15:45:00,17888.263855,Long,17591.304987,19127.358381000002,EOD,40.94996900000115,0.2294461186796496,17640.559496,17756.536681,17698.5480885,-174.1089609999981,9825.891039000002,True,2
2022-01-17 08:45:00,17842.445708,2022-01-17 11:45:00,17822.400268,Short,17878.241135,17663.468572999995,EOD,20.045439999998052,0.11234693005684919,17849.032066,17860.20024,17854.616153,-154.06352100000004,9845.936479,True,2
2022-01-20 08:45:00,17499.095965,2022-01-20 13:00:00,17367.655155,Long,17367.655155,18156.300015,SL,-131.44081000000006,-0.751129145544977,17398.009678,17437.814193,17417.9119355,-285.5043310000001,9714.495669,False,3
2022-01-28 08:45:00,15921.519876,2022-01-28 09:45:00,16118.251547,Short,16118.251547,14937.861521000003,SL,-196.73167099999955,-1.2356337368051882,15968.197114,16037.497062,16002.847088,-482.23600199999964,9517.763998,False,3
2022-01-31 08:45:00,16757.701067,2022-01-31 15:45:00,17030.605408,Long,16552.95122,17781.450302000016,EOD,272.90434099999766,1.6285309059332298,16595.905734,16622.537532,16609.221633,-209.331661000002,9790.668338999998,True,4
2022-02-01 08:45:00,17000.537248,2022-02-01 14:30:00,17131.691695,Short,17131.691695,16344.765012999997,SL,-131.1544470000008,-0.7714723663537765,17021.728142,17099.618992,17060.673566999998,-340.4861080000028,9659.513891999997,False,5
2022-02-02 08:45:00,17291.482485,2022-02-02 15:45:00,17025.164503,Short,17388.846048,16804.664670000006,EOD,266.3179820000005,1.5401685901195907,17309.237017,17349.614259,17329.425638,-74.1681260000023,9925.831873999998,True,6
2022-02-10 08:45:00,17078.141736,2022-02-10 12:30:00,16870.814618,Long,16870.814618,18114.777326000007,SL,-207.32711800000106,-1.2139910840707233,16902.887322,16965.314548,16934.100935,-281.49524400000337,9718.504755999997,False,7
2022-02-16 08:45:00,16503.696712,2022-02-16 13:15:00,16632.560252,Short,16632.560252,15859.379012000009,SL,-128.86353999999847,-0.7808162149895818,16563.546667,16614.232993,16588.88983,-410.35878400000183,9589.641215999998,False,7
2022-02-22 08:45:00,16061.551589,2022-02-22 10:45:00,15892.883534,Long,15892.883534,16904.891864,SL,-168.6680550000001,-1.0501354994589378,15956.456213,16001.128907,15978.79256,-579.0268390000019,9420.973160999998,False,7
2022-02-23 08:45:00,15925.815327,2022-02-23 15:45:00,15449.306594,Short,16067.278857,15218.497677000005,EOD,476.5087330000006,2.9920523578604254,16014.301624,16024.324344,16019.312984,-102.51810600000135,9897.481893999999,True,8
2022-02-24 08:45:00,15280.924902,2022-02-24 15:45:00,15934.40623,Long,14969.361499,16838.741917,EOD,653.4813279999998,4.276451407168887,15053.838709,15142.897733,15098.368221,550.9632219999985,10550.963221999998,True,8
2022-03-03 08:45:00,16336.460474,2022-03-03 15:45:00,16103.360649,Short,16483.078546,15603.370113999994,EOD,233.09982499999933,1.4268686008880882,16397.742246,16430.674039,16414.2081425,784.0630469999978,10784.063046999998,True,8
2022-03-07 08:45:00,15662.933706,2022-03-07 15:45:00,15200.170417,Short,15862.242648,14666.388996000001,EOD,462.76328900000044,2.954512211353673,15784.63816,15801.247239,15792.9426995,1246.8263359999983,11246.826335999998,True,8
2022-03-11 08:45:00,15572.156502,2022-03-11 15:45:00,15236.538571,Short,15737.101832,14747.429851999997,EOD,335.6179310000007,2.15524375802989,15651.192806,15701.592768,15676.392787,1582.444266999999,11582.444266999999,True,8
2022-03-16 08:45:00,15716.770029,2022-03-16 13:00:00,15593.920122,Long,15593.920122,16331.019563999998,SL,-122.8499069999998,-0.7816485624802152,15642.029176,15700.447314,15671.238245,1459.5943599999991,11459.59436,False,9
2022-03-18 08:45:00,16209.028751,2022-03-18 15:45:00,16534.910325,Long,16026.901615,17119.664430999997,EOD,325.8815740000009,2.0104941449986384,16101.928831,16105.937919,16103.933375,1785.475934,11785.475934,True,10
2022-03-23 08:45:00,16600.487548,2022-03-23 09:00:00,16677.519309,Short,16677.519309,16215.32874300001,SL,-77.03176099999837,-0.46403312419145804,16635.996613,16638.573884,16637.2852485,1708.4441730000017,11708.444173000002,False,11
2022-03-28 08:45:00,17052.941755,2022-03-28 10:30:00,16887.71006,Long,16887.71006,17879.100229999993,SL,-165.23169499999858,-0.9689336735789407,16915.487312,16985.932714,16950.710013,1543.212478000003,11543.212478000003,False,11
2022-03-31 08:45:00,17212.44618,2022-03-31 15:45:00,17087.019002,Short,17296.064299,16794.355584999987,EOD,125.4271779999981,0.7287004803869086,17223.041627,17264.564323,17243.802975,1668.6396560000012,11668.639656000001,True,12
2022-04-01 08:45:00,16997.100887,2022-04-01 15:45:00,17012.564512,Short,17080.14628,16581.873922,EOD,-15.46362500000032,-0.09097801503212505,17054.373572,17057.809933,17056.0917525,1653.1760310000009,11653.176031,False,13
2022-04-04 08:45:00,17237.646161,2022-04-04 15:45:00,17364.505157,Long,17059.24175,18129.668216,EOD,126.85899599999902,0.7359415248180242,17074.132648,17151.164408,17112.648527999998,1780.035027,11780.035027,True,14
2022-04-06 08:45:00,16615.66481,2022-04-06 13:00:00,16743.096532,Short,16743.096532,15978.506199999993,SL,-127.43172200000117,-0.766937245407764,16662.055684,16717.037461,16689.5465725,1652.6033049999987,11652.603304999999,False,15
2022-04-08 08:45:00,16406.046785,2022-04-08 10:00:00,16596.478461,Short,16596.478461,15453.888404999998,SL,-190.43167600000015,-1.160740783539099,16501.405805,16564.405757,16532.905781,1462.1716289999986,11462.171628999999,False,15
2022-04-13 08:45:00,16052.674323,2022-04-13 15:45:00,16279.474153,Long,15972.778928,16452.151297999997,EOD,226.79982999999993,1.4128476379480581,16011.724354,16040.647059,16026.1857065,1688.9714589999985,11688.971458999999,True,16
2022-04-14 08:45:00,16167.506055,2022-04-14 15:45:00,15912.928973,Short,16311.260493,15448.733865,EOD,254.5770819999998,1.57462184417286,16209.601478,16250.837811,16230.2196445,1943.5485409999983,11943.548540999998,True,16
2022-04-20 08:45:00,16135.719715,2022-04-20 15:45:00,16116.533366,Short,16337.605927,15126.288654999993,EOD,19.18634899999961,0.11890606269123341,16192.9924,16319.278668,16256.135534000001,1962.734889999998,11962.734889999998,True,16
2022-04-21 08:45:00,16271.169614,2022-04-21 09:00:00,16224.492376,Long,16224.492376,16504.555804000003,SL,-46.677238000000216,-0.2868708218728068,16241.674181,16266.874162,16254.274171500001,1916.0576519999977,11916.057651999998,False,17
2022-04-26 08:45:00,15198.165873,2022-04-26 15:45:00,14679.561717,Short,15405.206627,14162.962103000002,EOD,518.6041559999994,3.412281194544108,15294.097619,15380.865736,15337.4816775,2434.661807999997,12434.661807999997,True,18
2022-04-27 08:45:00,15093.070497,2022-04-27 09:15:00,14881.734292,Long,14881.734292,16149.751522000008,SL,-211.33620500000143,-1.4002200880331674,14930.12971,15074.743238,15002.436473999998,2223.3256029999957,12223.325602999996,False,19
2022-04-28 08:45:00,15046.106896,2022-04-28 11:15:00,15162.656809,Short,15162.656809,14463.357330999996,SL,-116.54991300000074,-0.7746184033225597,15075.888692,15116.838661,15096.363676500001,2106.775689999995,12106.775689999995,False,19
2022-05-04 08:45:00,14911.802451,2022-05-04 12:00:00,15024.343276,Short,15024.343276,14349.098326,SL,-112.54082500000004,-0.7547097365982939,15000.575112,15004.870563,15002.722837500001,1994.234864999995,11994.234864999995,False,19
2022-05-05 08:45:00,15089.9205,2022-05-05 15:45:00,14772.916192,Short,15327.315776,13902.944120000004,EOD,317.0043079999996,2.1007685759510766,15189.002244,15272.047636,15230.52494,2311.2391729999945,12311.239172999994,True,20
2022-05-06 08:45:00,14375.730126,2022-05-06 09:15:00,14630.020845,Short,14630.020845,13104.276531000007,SL,-254.29071899999872,-1.7688890704764104,14471.089146,14585.348151,14528.2186485,2056.9484539999958,12056.948453999996,False,21
2022-05-10 08:45:00,14276.362019,2022-05-10 09:00:00,14321.034713,Short,14321.034713,14052.998549000005,SL,-44.672693999998955,-0.312913709672992,14277.507473,14292.398371,14284.952922,2012.2757599999968,12012.275759999997,False,21
2022-05-11 08:45:00,14188.448449,2022-05-11 11:30:00,13953.916806,Long,13953.916806,15361.106664,SL,-234.53164300000026,-1.6529759673372182,14055.003094,14093.375793,14074.1894435,1777.7441169999965,11777.744116999997,False,21
2022-05-13 08:45:00,14024.075845,2022-05-13 15:45:00,14162.389377,Long,13886.335039,14712.779874999998,EOD,138.31353200000012,0.9862577294126158,13920.698649,13933.585003,13927.141826,1916.0576489999967,11916.057648999997,True,22
2022-05-18 08:45:00,14088.507614,2022-05-18 14:15:00,13640.348858999996,Short,14178.139365,13640.348858999996,TP,448.158755000004,3.181023620661288,14152.653021,14155.803018,14154.2280195,2364.2164040000007,12364.216404,True,22
2022-05-24 08:45:00,13377.753602,2022-05-24 15:45:00,13528.667125,Short,13574.771636,12392.663432000007,EOD,-150.91352299999926,-1.1280931574149893,13482.848978,13531.817123,13507.333050500001,2213.3028810000014,12213.302881000001,False,23
2022-05-25 08:45:00,13523.798947,2022-05-25 15:45:00,13623.167054,Long,13411.544486,14085.071251999992,EOD,99.36810700000024,0.7347647461295865,13437.889921,13462.517175,13450.203548000001,2312.6709880000017,12312.670988000002,True,24
2022-05-26 08:45:00,13876.312319,2022-05-26 15:45:00,14040.971286,Long,13644.357948,15036.084174,EOD,164.6589669999994,1.1866190614241348,13695.044273,13771.503307,13733.27379,2477.329955000001,12477.329955000001,True,24
2022-05-27 08:45:00,14341.652879,2022-05-27 15:45:00,14567.307255,Long,14182.148453,15139.175008999997,EOD,225.6543760000004,1.5734195905021418,14217.943881,14259.752941,14238.848410999999,2702.9843310000015,12702.984331000001,True,24
2022-05-31 08:45:00,14376.87558,2022-05-31 10:45:00,14527.789103,Short,14527.789103,13622.307965000004,SL,-150.91352299999926,-1.0496962442238738,14421.26191,14491.420949,14456.3414295,2552.070808000002,12552.070808000002,False,25
2022-06-01 08:45:00,14668.393543,2022-06-01 09:00:00,14556.425445,Long,14556.425445,15228.234032999997,SL,-111.96809799999937,-0.7633289744495054,14596.229961,14612.839039,14604.5345,2440.102710000003,12440.102710000003,False,25
2022-06-07 08:45:00,14351.675599,2022-06-07 15:45:00,14526.070923,Long,14242.857499,14895.766099000002,EOD,174.39532399999916,1.2151565355347826,14271.780204,14315.880171,14293.8301875,2614.498034000002,12614.498034000002,True,26
2022-06-08 08:45:00,14615.702674,2022-06-08 11:30:00,14487.125497,Long,14487.125497,15258.588558999996,SL,-128.5771769999992,-0.879719435102674,14519.484564,14523.493652,14521.489108,2485.920857000003,12485.920857000003,False,27
2022-06-17 08:45:00,12929.272914,2022-06-17 09:30:00,12764.71074,Long,12764.71074,13752.083783999993,SL,-164.56217399999878,-1.2727875348799276,12824.421668,12893.560637,12858.9911525,2321.358683000004,12321.358683000004,False,27
2022-06-21 08:45:00,13289.538369,2022-06-21 15:45:00,13235.255707,Long,13108.119999,14196.630218999997,EOD,-54.28266199999962,-0.40846160711362794,13126.690384,13207.54298,13167.116682,2267.0760210000044,12267.076021000004,False,27
2022-06-22 08:45:00,13246.969334,2022-06-22 15:45:00,13193.258069,Long,13056.980018,14196.915913999996,EOD,-53.71126499999991,-0.40546077858082796,13130.690159,13147.546354,13139.1182565,2213.3647560000045,12213.364756000004,False,27
2022-06-23 08:45:00,13309.251546,2022-06-23 09:00:00,13351.534882,Short,13351.534882,13097.834865999997,SL,-42.28333600000042,-0.31769882666849414,13317.536794,13324.964948,13321.250871,2171.081420000004,12171.081420000004,False,27
2022-06-24 08:45:00,13662.088847,2022-06-24 15:45:00,13865.22028,Long,13526.667891,14339.19362700001,EOD,203.13143299999865,1.4868255892260824,13548.380955,13645.51835,13596.9496525,2374.2128530000027,12374.212853000003,True,28
2022-06-27 08:45:00,13787.510365,2022-06-27 15:45:00,13798.938294,Short,13938.359025,13033.267065000002,EOD,-11.427928999999494,-0.08288609544047654,13815.223092,13908.932108,13862.0776,2362.7849240000032,12362.784924000003,False,29
2022-06-28 08:45:00,13832.079287,2022-06-28 09:00:00,13779.510815,Long,13779.510815,14094.921647000005,SL,-52.56847200000084,-0.38004750341047433,13804.937956,13808.937731,13806.9378435,2310.2164520000024,12310.216452000002,False,29
2022-06-30 08:45:00,13025.553214,2022-06-30 10:15:00,13212.971246,Short,13212.971246,12088.463054000002,SL,-187.41803199999958,-1.4388489219679417,13108.405698,13177.544667,13142.9751825,2122.798420000003,12122.798420000003,False,29
2022-07-04 08:45:00,13197.543542,2022-07-04 11:45:00,13203.828903,Short,13232.113027,13024.696117,EOD,-6.285361000000194,-0.04762523404448408,13206.114489,13216.971021,13211.542754999999,2116.5130590000026,12116.513059000003,False,29
2022-07-07 08:45:00,13753.226578,2022-07-07 15:45:00,13850.363973,Long,13613.805847,14450.330233,EOD,97.13739499999974,0.7062880441116496,13633.804723,13724.08536,13678.9450415,2213.6504540000024,12213.650454000002,True,30
2022-07-11 08:45:00,13581.521949,2022-07-11 15:45:00,13599.806635,Short,13794.938519,12514.439099000003,EOD,-18.284686000000875,-0.13462913853588526,13629.233551,13767.225791,13698.229671000001,2195.3657680000015,12195.365768000001,False,31
2022-07-13 08:45:00,13347.249409,2022-07-13 15:45:00,13408.10313,Long,13172.1164,14222.914453999996,EOD,60.853720999999496,0.45592705384651055,13240.112577,13246.112239,13243.112408,2256.219489000001,12256.219489000001,True,32
2022-07-14 08:45:00,13218.970908,2022-07-14 10:15:00,13328.964723,Short,13328.964723,12669.001833,SL,-109.99381499999981,-0.8320906049761603,13290.109765,13293.538144,13291.8239545,2146.225674000001,12146.225674000001,False,33
2022-07-26 08:45:00,13982.35655,2022-07-26 15:45:00,13937.787628,Short,14040.353289,13692.372855,EOD,44.568922000000384,0.31875114785283015,14003.21252,14013.783354,14008.497937,2190.7945960000015,12190.794596000002,True,34
2022-07-27 08:45:00,14154.06118,2022-07-27 15:45:00,14376.620093,Long,14050.924123,14669.746465,EOD,222.55891299999894,1.5724032146651985,14067.49462,14134.633701,14101.0641605,2413.3535090000005,12413.353509,True,34
2022-07-28 08:45:00,14273.483036,2022-07-28 10:00:00,14423.474601,Short,14423.474601,13523.525210999998,SL,-149.99156500000026,-1.0508406716265233,14308.623917,14382.905454,14345.7646855,2263.361944,12263.361944,False,35
2022-07-29 08:45:00,14702.316063,2022-07-29 10:30:00,14620.606372,Long,14620.606372,15110.864518,SL,-81.70969100000002,-0.5557606750519496,14644.033626,14675.46043,14659.747028,2181.652253,12181.652253,False,35
2022-08-01 08:45:00,14845.736569,2022-08-01 15:45:00,14833.737244,Long,14728.885997,15429.989429000007,EOD,-11.999325000000681,-0.08082674068902024,14751.456157,14783.168659,14767.312408000002,2169.6529279999995,12169.652928,False,35
2022-08-03 08:45:00,14986.871489,2022-08-03 15:45:00,15139.720037,Long,14844.02238,15701.117033999994,EOD,152.84854799999994,1.0198829563073726,14871.449409,14902.304816,14886.8771125,2322.5014759999995,12322.501476,True,36
2022-08-05 08:45:00,15064.010009,2022-08-05 10:15:00,14978.586241,Long,14978.586241,15491.128848999993,SL,-85.42376799999874,-0.5670719014987528,15015.155613,15023.155163,15019.155388,2237.0777080000007,12237.077708,False,37
2022-08-08 08:45:00,15304.567909,2022-08-08 10:30:00,15148.290983,Long,15148.290983,16085.952538999993,SL,-156.27692599999864,-1.0211129574465052,15179.432089,15259.141892,15219.2869905,2080.800782000002,12080.800782000002,False,37
2022-08-15 08:45:00,15561.982005,2022-08-15 15:45:00,15631.978069,Long,15448.559812,16129.092970000002,EOD,69.99606400000084,0.44978887636235154,15468.844385,15486.271977,15477.558181,2150.796846000003,12150.796846000003,True,38
2022-08-16 08:45:00,15555.410946,2022-08-16 10:30:00,15599.979868,Short,15599.979868,15332.566335999998,SL,-44.568922000000384,-0.28651716212911155,15579.695294,15581.695182,15580.695238,2106.2279240000025,12106.227924000003,False,39
2022-08-19 08:45:00,15208.859006,2022-08-19 15:45:00,15142.005622,Short,15327.423767,14616.035201000002,EOD,66.853384,0.43956870119991176,15255.142117,15293.13998,15274.1410485,2173.0813080000025,12173.081308000003,True,40
2022-08-29 08:45:00,14323.194526,2022-08-29 09:45:00,14264.054995,Long,14264.054995,14618.892180999994,SL,-59.1395309999989,-0.41289344281854584,14306.909727,14322.62313,14314.7664285,2113.9417770000036,12113.941777000004,False,41
2022-08-30 08:45:00,14261.769409,2022-08-30 15:45:00,14125.491358,Short,14372.048921,13710.371849000005,EOD,136.27805100000114,0.9555479905179354,14317.76626,14348.335969,14333.0511145,2250.219828000005,12250.219828000005,True,42
2022-09-02 08:45:00,14066.066129,2022-09-02 09:30:00,14194.630327,Short,14194.630327,13423.245139,SL,-128.56419800000003,-0.9140025137158945,14128.062642,14148.632914,14138.347778,2121.6556300000047,12121.655630000005,False,43
2022-09-05 08:45:00,13864.934582,2022-09-05 11:45:00,13868.934357,Long,13840.364535,13987.784816999996,EOD,3.999775000000227,0.028848134669116225,13855.220843,13856.935032,13856.077937499998,2125.655405000005,12125.655405000005,True,44
2022-09-06 08:45:00,13766.082998,2022-09-06 15:45:00,13736.656082,Short,13904.646635,13073.264813000003,EOD,29.426916000000347,0.21376390077174184,13836.650459,13847.221293,13841.935876,2155.0823210000053,12155.082321000005,True,44
2022-09-07 08:45:00,13803.223767,2022-09-07 15:45:00,14014.640449,Long,13739.798762,14120.348791999995,EOD,211.41668200000095,1.5316471396011453,13763.226016,13794.081424,13778.65372,2366.4990030000063,12366.499003000006,True,44
2022-09-08 08:45:00,13996.070065,2022-09-08 11:15:00,13887.219043,Long,13887.219043,14540.325175000004,SL,-108.85102200000074,-0.7777256150796551,13925.216907,13938.073326,13931.6451165,2257.6479810000055,12257.647981000006,False,45
2022-09-12 08:45:00,14558.401965,2022-09-12 11:00:00,14451.340275,Long,14451.340275,15093.710414999992,SL,-107.06168999999863,-0.7353945182815169,14462.415623,14491.949882,14477.1827525,2150.586291000007,12150.586291000007,False,45
2022-09-19 08:45:00,13534.074337,2022-09-19 15:45:00,13682.881566,Long,13420.765015,14100.620946999996,EOD,148.807229,1.0995006034005945,13465.63437,13492.896763,13479.2655665,2299.393520000007,12299.393520000007,True,46
2022-09-22 08:45:00,13167.167961,2022-09-22 15:45:00,13138.769635,Short,13287.008898,12567.963275999995,EOD,28.398325999998633,0.2156752772054856,13205.505702,13212.889266,13209.197484,2327.7918460000055,12327.791846000006,True,46
2022-09-23 08:45:00,12896.815895,2022-09-23 15:45:00,12936.005585,Short,13042.783292,12166.978909999998,EOD,-39.189690000001065,-0.30387105095603184,12986.554606,13012.1131,12999.333853,2288.6021560000045,12288.602156000004,False,47
2022-09-26 08:45:00,13053.290673,2022-09-26 11:15:00,12883.752665,Long,12883.752665,13900.980712999997,SL,-169.53800799999954,-1.2988143162296952,12933.733719,12969.51561,12951.6246645,2119.064148000005,12119.064148000005,False,47
2022-09-29 08:45:00,12786.062422,2022-09-29 15:45:00,12761.071895,Short,12968.095694,11875.896062000007,EOD,24.990527000001748,0.19545131390100567,12822.41228,12930.609903,12876.5110915,2144.0546750000067,12144.054675000007,True,48
2022-10-04 08:45:00,13195.850271,2022-10-04 15:45:00,13228.224363,Long,13062.946104,13860.371105999993,EOD,32.37409200000002,0.24533539965323256,13082.540949,13124.854455,13103.697702000001,2176.4287670000067,12176.428767000007,True,48
2022-10-06 08:45:00,13219.420881,2022-10-06 09:00:00,13148.141082,Long,13148.141082,13575.819876,SL,-71.27979899999991,-0.5392051561233586,13186.19484,13209.481467,13197.8381535,2105.148968000007,12105.148968000007,False,49
2022-10-07 08:45:00,12751.416464,2022-10-07 15:45:00,12604.597118,Short,12925.498204,11881.007764000002,EOD,146.81934600000022,1.15139636772513,12824.11618,12883.184698,12853.650439000001,2251.968314000007,12251.968314000007,True,50
2022-10-10 08:45:00,12511.450607,2022-10-10 15:45:00,12487.879997,Short,12650.318423,11817.111527000001,EOD,23.57061000000067,0.18839230350166755,12582.730406,12615.388482,12599.059444,2275.5389240000077,12275.538924000008,True,50
2022-10-11 08:45:00,12294.771378,2022-10-11 10:30:00,12433.639193,Short,12433.639193,11600.432302999992,SL,-138.86781500000143,-1.1294867609208945,12378.54644,12399.277219,12388.9118295,2136.6711090000063,12136.671109000006,False,51
2022-10-14 08:45:00,12552.62818,2022-10-14 15:45:00,12207.02055,Short,12720.178305,11714.877555000001,EOD,345.6076300000004,2.753269076755211,12611.128733,12677.864799,12644.496766,2482.2787390000067,12482.278739000007,True,52
2022-10-17 08:45:00,12578.754641,2022-10-17 15:45:00,12647.47859,Long,12452.950055,13207.777571,EOD,68.72394900000108,0.546349388006964,12500.943227,12554.616063,12527.779644999999,2551.0026880000078,12551.002688000008,True,52
2022-10-20 08:45:00,12725.290004,2022-10-20 12:45:00,12615.104498,Long,12615.104498,13276.217534,SL,-110.1855059999998,-0.8658781526029243,12642.650875,12671.333184,12656.9920295,2440.817182000008,12440.817182000008,False,53
2022-10-25 08:45:00,13232.768095,2022-10-25 15:45:00,13160.636346,Long,13069.477719,14049.219974999995,EOD,-72.13174900000013,-0.5450994718728208,13094.184263,13129.68217,13111.9332165,2368.685433000008,12368.685433000008,False,53
2022-10-28 08:45:00,12859.330104,2022-10-28 15:45:00,13205.789685,Long,12690.928029,13701.340479,EOD,346.45958099999916,2.6942272902087647,12749.712565,12843.143058,12796.4278115,2715.145014000007,12715.145014000007,True,54
2022-10-31 08:45:00,12975.479259,2022-10-31 15:45:00,13009.55725,Short,13079.13315,12457.209804,EOD,-34.07799100000011,-0.26263377498263174,13033.979811,13046.191091,13040.085450999999,2681.067023000007,12681.067023000007,False,55
2022-11-03 08:45:00,12183.733922,2022-11-03 09:15:00,12309.254524,Short,12309.254524,11556.130911999997,SL,-125.52060200000051,-1.0302309850459692,12261.545336,12285.967897,12273.756616499999,2555.5464210000064,12555.546421000006,False,55
2022-11-04 08:45:00,12318.625972,2022-11-04 09:15:00,12423.699779,Short,12423.699779,11793.256936999996,SL,-105.07380700000067,-0.8529669399722941,12323.169704,12372.582792,12347.876248,2450.4726140000057,12450.472614000006,False,55
2022-11-07 08:45:00,12362.927361,2022-11-07 09:15:00,12433.35521,Short,12433.35521,12010.788116000002,SL,-70.4278489999997,-0.5696696821350813,12384.226106,12412.056465,12398.1412855,2380.044765000006,12380.044765000006,False,55
2022-11-17 08:45:00,13164.328128,2022-11-17 15:45:00,13343.237584,Long,13095.320196,13509.367787999992,EOD,178.90945600000123,1.3590473760637125,13146.721166,13160.352363,13153.5367645,2558.9542210000072,12558.954221000007,True,56
2022-11-18 08:45:00,13350.905132,2022-11-18 15:45:00,13302.911961,Short,13452.855123,12841.155177000002,EOD,47.993171000000075,0.3594750357784212,13386.40304,13425.308747,13405.8558935,2606.9473920000073,12606.947392000007,True,56
2022-11-22 08:45:00,13115.483007,2022-11-22 09:45:00,13212.037317,Short,13212.037317,12632.711457000003,SL,-96.55430999999953,-0.7361856970762459,13129.966154,13189.034672,13159.500413,2510.393082000008,12510.393082000008,False,57
2022-11-23 08:45:00,13440.927826,2022-11-23 11:45:00,13342.669617,Long,13342.669617,13932.218870999997,SL,-98.25820899999962,-0.7310373976559111,13367.376161,13382.995241,13375.185701,2412.134873000008,12412.134873000008,False,57
2022-11-28 08:45:00,13355.732848,2022-11-28 09:15:00,13279.34135,Long,13279.34135,13737.690337999995,SL,-76.39149799999905,-0.5719753372533096,13299.788145,13336.421986,13318.1050655,2335.743375000009,12335.74337500001,False,57
2022-11-29 08:45:00,13152.400831,2022-11-29 15:45:00,13085.096798,Short,13228.508346,12771.863256000002,EOD,67.30403300000035,0.5117243145553001,13167.167961,13196.134254,13181.6511075,2403.0474080000095,12403.04740800001,True,58
2022-12-01 08:45:00,13755.865265,2022-12-01 09:00:00,13692.82098,Long,13692.82098,14071.08669,SL,-63.044284999999945,-0.45830839271454543,13726.331005,13741.950085,13734.140545,2340.0031230000095,12340.00312300001,False,59
2022-12-06 08:45:00,13250.091074,2022-12-06 15:45:00,13138.485652,Short,13437.520027,12312.946308999997,EOD,111.60542200000054,0.8422992821460553,13331.310287,13400.034237,13365.672262,2451.60854500001,12451.60854500001,True,60
2022-12-14 08:45:00,13506.885759,2022-12-14 13:00:00,13408.47391,Long,13408.47391,13998.945004000001,SL,-98.41184900000007,-0.7286050297303034,13441.371585,13455.992774,13448.6821795,2353.19669600001,12353.19669600001,False,61
2022-12-15 08:45:00,13016.232395,2022-12-15 15:45:00,12879.018159,Short,13146.417213,12365.308305000002,EOD,137.21423600000162,1.0541778283914975,13107.33365,13116.331305,13111.8324775,2490.4109320000116,12490.410932000012,True,62
2022-12-19 08:45:00,12674.040335,2022-12-19 15:45:00,12579.846137,Short,12775.545129,12166.516364999998,EOD,94.19419799999923,0.7432057616218659,12724.08979,12762.048647,12743.0692185,2584.605130000011,12584.60513000001,True,62
2022-12-22 08:45:00,12510.676665,2022-12-22 15:45:00,12421.543647,Short,12605.152041,12038.299785000008,EOD,89.13301800000045,0.7124556120082609,12512.082549,12586.875554,12549.4790515,2673.7381480000113,12673.738148000011,True,62
2022-12-23 08:45:00,12303.168251,2022-12-23 09:15:00,12424.917768,Short,12424.917768,11694.420665999998,SL,-121.7495170000002,-0.98957857452778,12356.029473,12365.308305,12360.668889,2551.988631000011,12551.988631000011,False,63
2022-12-27 08:45:00,12293.327066,2022-12-27 15:45:00,12272.801166,Short,12458.09662,11469.479295999998,EOD,20.525900000000547,0.16696781831152613,12322.007091,12428.291888,12375.1494895,2572.5145310000116,12572.514531000012,True,64
2022-12-29 08:45:00,12330.442392,2022-12-29 15:45:00,12405.516575,Long,12237.935254,12792.978082000005,EOD,75.07418299999881,0.608852307267637,12261.272921,12306.542372,12283.9076465,2647.5887140000104,12647.58871400001,True,64
2023-01-05 08:45:00,12223.032888,2023-01-05 09:00:00,12288.828239,Short,12288.828239,11894.056132999996,SL,-65.79535100000066,-0.538289895829336,12243.558788,12246.932909,12245.245848499999,2581.79336300001,12581.79336300001,False,65
2023-01-06 08:45:00,12163.142248,2023-01-06 09:00:00,12269.708222,Short,12269.708222,11630.312378000004,SL,-106.56597399999919,-0.8761385160773069,12209.255229,12224.719948,12216.9875885,2475.2273890000106,12475.22738900001,False,65
2023-01-09 08:45:00,12721.278023,2023-01-09 14:45:00,12566.068478,Long,12566.068478,13497.325748000008,SL,-155.20954500000153,-1.2200782399329968,12602.62145,12643.954427,12623.287938500001,2320.017844000009,12320.017844000009,False,65
2023-01-12 08:45:00,12773.858069,2023-01-12 09:15:00,12932.441735,Short,12932.441735,11980.939738999998,SL,-158.58366600000045,-1.2414703932311277,12793.540438,12855.961669,12824.7510535,2161.4341780000086,12161.434178000009,False,65
2023-01-23 08:45:00,13272.665557,2023-01-23 15:45:00,13423.938629,Long,13133.764261,13967.172037,EOD,151.27307199999996,1.1397339242095088,13170.317234,13201.246672,13185.781953,2312.7072500000086,12312.707250000009,True,66
2023-01-24 08:45:00,13366.297403,2023-01-24 09:00:00,13323.277366,Long,13323.277366,13581.397588000002,SL,-43.02003700000023,-0.3218545548024735,13342.116205,13352.238567,13347.177386,2269.6872130000083,12269.687213000008,False,67
2023-01-25 08:45:00,13073.873621,2023-01-25 10:15:00,13181.564302,Short,13181.564302,12535.420216,SL,-107.69068100000004,-0.8237090561057675,13159.351342,13162.725463,13161.0384025,2161.9965320000083,12161.996532000008,False,67
2023-01-27 08:45:00,13634.821164,2023-01-27 15:45:00,13745.042435,Long,13533.31637,14142.345134000003,EOD,110.22127099999852,0.8083807603653475,13556.091684,13602.204665,13579.1481745,2272.217803000007,12272.217803000007,True,68
2023-02-03 08:45:00,14307.677038,2023-02-03 15:45:00,14189.863995,Long,14116.476873,15263.677863,EOD,-117.8130430000001,-0.823425372875684,14162.589854,14243.006394,14202.798124,2154.4047600000067,12154.404760000007,False,69
2023-02-14 08:45:00,14154.998083,2023-02-14 09:45:00,14019.470907,Long,14019.470907,14832.633962999998,SL,-135.5271759999996,-0.9574510374732319,14055.742703,14057.992117,14056.867409999999,2018.8775840000071,12018.877584000007,False,69
2023-02-17 08:45:00,13867.073128,2023-02-17 15:45:00,13928.369652,Short,13967.734392,13363.766807999998,EOD,-61.29652399999941,-0.44202928357124766,13890.691972,13932.868479,13911.7802255,1957.5810600000077,11957.581060000008,False,69
2023-03-02 08:45:00,13380.637415,2023-03-02 15:45:00,13555.248154,Long,13318.778538,13689.931799999993,EOD,174.61073900000156,1.3049508299526817,13337.336201,13348.864447,13343.100324,2132.1917990000093,12132.19179900001,True,70
2023-03-09 08:45:00,13863.980185,2023-03-09 11:00:00,13770.910693,Long,13770.910693,14329.327645000003,SL,-93.06949200000054,-0.6713042774014938,13799.028364,13808.026019,13803.527191500001,2039.1223070000087,12039.122307000009,False,71
2023-03-10 08:45:00,13394.133897,2023-03-10 10:15:00,13536.128137,Short,13536.128137,12684.162697,SL,-141.99424,-1.0601225961448963,13414.378621,13498.450458,13456.4145395,1897.1280670000087,11897.128067000009,False,71
2023-03-14 08:45:00,13649.415954,2023-03-14 14:00:00,13567.867916,Long,13567.867916,14057.156144000004,SL,-81.54803800000082,-0.5974470869290414,13602.101393,13618.80065,13610.451021500001,1815.580029000008,11815.580029000008,False,71
2023-03-20 08:45:00,13988.410869,2023-03-20 10:00:00,14089.163053,Short,14089.163053,13484.649948999995,SL,-100.75218400000085,-0.7202546804174862,14019.861137,14049.363157,14034.612147,1714.827845000007,11714.827845000007,False,71
2023-03-28 08:45:00,14129.797911,2023-03-28 15:45:00,14192.141804,Short,14224.983676,13653.869085999999,EOD,-62.34389300000112,-0.44122282139270097,14161.526499,14205.77953,14183.6530145,1652.483952000006,11652.483952000006,False,71
2023-03-29 08:45:00,14378.616839,2023-03-29 09:30:00,14327.684106,Long,14327.684106,14633.280503999998,SL,-50.932732999999644,-0.3542255390090908,14350.228102,14356.072842,14353.150472,1601.5512190000063,11601.551219000006,False,71
2023-03-31 08:45:00,14629.105693,2023-03-31 15:45:00,14815.580728,Long,14574.554787,14901.860223000001,EOD,186.4750350000013,1.2746851305423903,14604.613449,14615.746287,14610.179868,1788.0262540000076,11788.026254000008,True,72
2023-04-05 08:45:00,14625.765841,2023-04-05 15:45:00,14553.402395,Short,14697.572646,14266.731816,EOD,72.3634460000012,0.49476688459722756,14640.795173,14665.009095,14652.902134,1860.3897000000088,11860.389700000009,True,72
2023-04-06 08:45:00,14456.546705,2023-04-06 09:00:00,14491.336823,Short,14491.336823,14282.596115000006,SL,-34.790117999998984,-0.24065303222080228,14459.051593,14475.194208,14467.1229005,1825.5995820000098,11825.59958200001,False,73
2023-04-10 08:45:00,14458.21663,2023-04-10 10:00:00,14538.929706,Short,14538.929706,14054.65125,SL,-80.713076,-0.5582505648208702,14483.543837,14513.602499,14498.573167999999,1744.8865060000098,11744.88650600001,False,73
2023-04-11 08:45:00,14591.254044,2023-04-11 15:45:00,14563.143628,Short,14654.71122,14273.968164,EOD,28.110415999999532,0.1926525020757807,14610.179868,14637.177,14623.678434,1772.9969220000094,11772.99692200001,True,74
2023-04-12 08:45:00,14545.331087,2023-04-12 15:45:00,14425.374759,Short,14679.760105,13873.185997000006,EOD,119.95632800000021,0.8247067549202238,14578.45128,14637.177,14607.814139999999,1892.9532500000096,11892.95325000001,True,74
2023-04-13 08:45:00,14547.557655,2023-04-13 15:45:00,14673.637045,Long,14476.307492,14903.808470000004,EOD,126.07938999999897,0.8666704954193148,14506.644475,14522.230449,14514.437462,2019.0326400000085,12019.032640000009,True,74
2023-04-14 08:45:00,14733.754369,2023-04-14 09:30:00,14610.458189,Long,14610.458189,15350.235268999997,SL,-123.29617999999937,-0.8368279863509606,14628.827372,14700.912498,14664.869934999999,1895.7364600000092,11895.73646000001,False,75
2023-04-20 08:45:00,14601.551919,2023-04-20 14:00:00,14527.796868,Long,14527.796868,14970.327174,SL,-73.7550510000001,-0.5051178902704698,14546.16605,14586.800909,14566.483479499999,1821.981409000009,11821.981409000009,False,75
2023-04-24 08:45:00,14584.29602,2023-04-24 09:00:00,14553.959037,Long,14553.959037,14735.980934999996,SL,-30.336982999999236,-0.20801129487770256,14569.54501,14581.23449,14575.38975,1791.6444260000098,11791.64442600001,False,75
2023-05-04 08:45:00,14518.890597,2023-05-04 10:00:00,14576.781355,Short,14576.781355,14229.436807000002,SL,-57.89075799999955,-0.3987271452542067,14542.826199,14555.350641,14549.08842,1733.7536680000103,11733.75366800001,False,75
2023-05-05 08:45:00,14685.048203,2023-05-05 15:45:00,14818.363938,Long,14611.849794,15051.040248000003,EOD,133.31573500000013,0.9078331453673072,14629.662335,14643.856703,14636.759519,1867.0694030000104,11867.06940300001,True,76
2023-05-08 08:45:00,14773.554265,2023-05-08 10:00:00,14808.344384,Short,14808.344384,14599.603670000004,SL,-34.79011899999932,-0.2354891610776462,14789.69688,14795.263299,14792.4800895,1832.279284000011,11832.279284000011,False,77
2023-05-11 08:45:00,14902.138543,2023-05-11 10:00:00,14948.896463,Short,14948.896463,14668.348942999999,SL,-46.75792000000001,-0.3137665098541422,14931.083922,14931.918885,14931.501403499999,1785.521364000011,11785.521364000011,False,77
2023-05-16 08:45:00,15013.466923,2023-05-16 15:45:00,15032.949389,Long,14947.226537,15344.668852999997,EOD,19.482465999999476,0.1297666028767357,14964.204115,14998.15927,14981.1816925,1805.0038300000106,11805.00383000001,True,78
2023-05-18 08:45:00,15266.460665,2023-05-18 15:45:00,15488.560782,Long,15191.59233,15640.802340000006,EOD,222.10011699999995,1.4548238905772595,15206.621661,15243.360026,15224.9908435,2027.1039470000105,12027.10394700001,True,78
2023-05-22 08:45:00,15507.208285,2023-05-22 15:45:00,15491.900633,Long,15413.135805,15977.570685000004,EOD,-15.307652000001326,-0.09871313855252913,15423.990322,15471.861525,15447.925923499999,2011.7962950000092,12011.79629500001,False,79
2023-05-23 08:45:00,15434.009876,2023-05-23 11:30:00,15391.14845,Long,15391.14845,15648.317005999997,SL,-42.86142599999948,-0.2777076491744982,15409.239311,15412.300842,15410.7700765,1968.9348690000097,11968.93486900001,False,79
2023-05-25 08:45:00,15448.204244,2023-05-25 10:00:00,15552.017958,Short,15552.017958,14929.135674000001,SL,-103.81371399999989,-0.6720115319573184,15480.767795,15530.308924,15505.5383595,1865.1211550000098,11865.12115500001,False,79
2023-05-26 08:45:00,15717.897243,2023-05-26 15:45:00,15994.826587,Long,15603.229012,16291.238397999998,EOD,276.9293440000001,1.76187272202286,15626.05133,15672.252608,15649.151969,2142.05049900001,12142.05049900001,True,80
2023-05-31 08:45:00,16004.289499,2023-05-31 09:15:00,15939.99736,Long,15939.99736,16325.750194000006,SL,-64.29213900000104,-0.4017181706443027,15962.263036,16000.949648,15981.606342,2077.758360000009,12077.758360000009,False,81
2023-06-05 08:45:00,16250.603539,2023-06-05 13:30:00,16205.515545,Long,16205.515545,16476.043508999996,SL,-45.087993999999526,-0.2774542735707776,16220.544876,16230.842751,16225.6938135,2032.6703660000094,12032.67036600001,False,81
2023-06-07 08:45:00,16288.733508,2023-06-07 09:00:00,16243.923836,Long,16243.923836,16512.781868,SL,-44.80967199999941,-0.27509610847271654,16262.293018,16265.63287,16263.962943999999,1987.86069400001,11987.86069400001,False,81
2023-06-09 08:45:00,16313.782394,2023-06-09 10:15:00,16199.392484,Long,16199.392484,16885.731944,SL,-114.38990999999987,-0.7011857044389106,16214.700136,16276.487387,16245.5937615,1873.47078400001,11873.47078400001,False,81
2023-06-13 08:45:00,16526.283714,2023-06-13 15:45:00,16618.133067,Short,16648.932851,15913.038029,EOD,-91.84935299999779,-0.5557774185020734,16596.958216,16600.808189,16598.8832025,1781.6214310000123,11781.621431000012,False,81
2023-06-14 08:45:00,16632.157969,2023-06-14 13:00:00,16593.65824,Long,16593.65824,16824.656613999996,SL,-38.499728999999206,-0.23147765354175495,16606.583149,16607.133145,16606.858147,1743.121702000013,11743.121702000013,False,81
2023-06-15 08:45:00,16721.53234,2023-06-15 15:45:00,16904.406053,Long,16638.207926,17138.154410000014,EOD,182.87371299999722,1.0936420734751706,16664.60774,16688.532572,16676.570156,1925.9954150000103,11925.99541500001,True,82
2023-06-16 08:45:00,16894.781121,2023-06-16 15:45:00,16830.706572,Short,17021.830227,16259.535591000007,EOD,64.07454900000084,0.37925646115862954,16915.405976,16955.830691,16935.6183335,1990.0699640000112,11990.069964000011,True,82
2023-06-19 08:45:00,16764.432038,2023-06-19 11:45:00,16763.057048,Short,16790.831852,16632.432967999997,EOD,1.3749900000002526,0.008201828710233415,16769.931999,16774.606966,16772.2694825,1991.4449540000114,11991.444954000011,True,82
2023-06-22 08:45:00,16591.183257,2023-06-22 15:45:00,16756.457094,Long,16471.834097,17187.92905700001,EOD,165.27383700000064,0.9961546107946812,16491.083961,16548.558557,16519.821259,2156.718791000012,12156.718791000012,True,82
2023-06-26 08:45:00,16650.032843,2023-06-26 09:30:00,16537.833632,Long,16537.833632,17211.028897999997,SL,-112.1992109999992,-0.6738678058954697,16571.108398,16590.358263,16580.7333305,2044.5195800000129,12044.519580000013,False,83
2023-06-30 08:45:00,16845.281469,2023-06-30 15:45:00,16848.03145,Long,16770.756993,17217.903849000013,EOD,2.749980999997206,0.016324933513624778,16789.181864,16824.381616,16806.78174,2047.26956100001,12047.26956100001,True,84
2023-07-05 08:45:00,16910.456011,2023-07-05 15:45:00,16889.831156,Long,16813.93169,17393.077615999984,EOD,-20.624854999998206,-0.12196510245839644,16824.656614,16901.106076,16862.881345,2026.6447060000119,12026.644706000012,False,85
2023-07-11 08:45:00,16682.757613,2023-07-11 10:00:00,16741.057202,Short,16741.057202,16391.25966800001,SL,-58.29958899999838,-0.34946014533333836,16697.33251,16718.782359,16708.0574345,1968.3451170000135,11968.345117000013,False,85
2023-07-13 08:45:00,17166.479209,2023-07-13 15:45:00,17269.603483,Long,17112.029592,17438.72729400001,EOD,103.12427399999797,0.6007304861088361,17138.704404,17154.104296,17146.40435,2071.4693910000115,12071.469391000011,True,86
2023-07-14 08:45:00,17387.027657,2023-07-14 13:30:00,17273.178458,Long,17273.178458,17956.273652,SL,-113.84919900000023,-0.6547939144397958,17294.078311,17338.627998,17316.3531545,1957.6201920000112,11957.620192000011,False,87
2023-07-18 08:45:00,17356.77787,2023-07-18 10:30:00,17400.77756,Short,17400.77756,17136.779420000017,SL,-43.99968999999692,-0.2535014870245436,17358.702856,17380.702702,17369.702779,1913.6205020000143,11913.620502000014,False,87
2023-07-20 08:45:00,17446.977235,2023-07-20 09:00:00,17388.952644,Long,17388.952644,17737.100189999986,SL,-58.0245909999976,-0.3325767565260287,17424.152396,17444.227255,17434.1898255,1855.5959110000167,11855.595911000017,False,87
2023-07-25 08:45:00,17229.178768,2023-07-25 15:45:00,17299.578272,Long,17139.254401,17678.800603000018,EOD,70.39950399999725,0.4086062658468159,17159.054261,17183.254091,17171.154176,1925.995415000014,11925.995415000014,True,88
2023-07-27 08:45:00,17457.977158,2023-07-27 09:15:00,17404.352535,Long,17404.352535,17726.100273,SL,-53.6246229999997,-0.3071640116989532,17426.077382,17441.202276,17433.639829,1872.3707920000143,11872.370792000014,False,89
2023-07-28 08:45:00,17367.227796,2023-07-28 15:45:00,17430.477351,Long,17294.353309,17731.600231000004,EOD,63.24955500000215,0.364189125305132,17316.628153,17351.277909,17333.953031,1935.6203470000164,11935.620347000016,True,90
2023-08-02 08:45:00,17160.979248,2023-08-02 15:45:00,16995.980409,Short,17244.028663,16745.732172999993,EOD,164.99883899999986,0.9614768284230015,17185.179077,17220.928826,17203.0539515,2100.6191860000163,12100.619186000016,True,90
2023-08-03 08:45:00,16980.580517,2023-08-03 15:45:00,16992.130436,Long,16885.981183,17453.57718699999,EOD,11.549919000000955,0.06801839894954019,16909.356018,16923.930916,16916.643467,2112.169105000017,12112.169105000017,True,90
2023-08-08 08:45:00,16823.281624,2023-08-08 15:45:00,16885.981183,Short,16926.680896,16306.285263999987,EOD,-62.69955900000059,-0.3726951756579629,16863.431341,16902.206069,16882.818704999998,2049.4695460000166,12049.469546000017,False,91
2023-08-09 08:45:00,16807.056738,2023-08-09 15:45:00,16724.007322,Short,16913.755987,16273.560492999994,EOD,83.04941599999802,0.49413420383253076,16835.656537,16891.481144,16863.5688405,2132.5189620000147,12132.518962000015,True,92
2023-08-16 08:45:00,16611.533114,2023-08-16 10:45:00,16574.408375,Long,16574.408375,16797.156809000015,SL,-37.12473900000259,-0.22348773436639816,16588.708274,16590.908259,16589.8082665,2095.394223000012,12095.394223000012,False,93
2023-08-17 08:45:00,16421.509451,2023-08-17 15:45:00,16217.735885,Short,16500.983892,16024.13724600001,EOD,203.77356600000167,1.2408942467075867,16449.559254,16482.559021,16466.0591375,2299.1677890000137,12299.167789000014,True,94
2023-08-21 08:45:00,16404.734569,2023-08-21 10:15:00,16274.385486,Long,16274.385486,17056.479984000005,SL,-130.34908300000097,-0.7945820912355475,16289.51038,16336.260051,16312.885215499999,2168.8187060000128,12168.818706000013,False,95
2023-08-22 08:45:00,16505.383861,2023-08-22 15:45:00,16459.459184,Short,16607.133145,15996.637440999992,EOD,45.924676999999065,0.2782405873547291,16562.858456,16588.158278,16575.508367000002,2214.743383000012,12214.743383000012,True,96
2023-08-23 08:45:00,16603.283172,2023-08-23 15:45:00,16891.206146,Long,16502.358882,17107.904621999995,EOD,287.922974000001,1.7341327677019818,16519.958758,16524.083729,16522.0212435,2502.666357000013,12502.666357000013,True,96
2023-08-24 08:45:00,16746.007168,2023-08-24 15:45:00,16315.635196,Short,16895.606115,15998.012433000007,EOD,430.3719720000008,2.5699975384126197,16753.982112,16864.531334,16809.256723,2933.0383290000136,12933.038329000014,True,96
2023-08-25 08:45:00,16443.509296,2023-08-25 09:15:00,16365.409846,Long,16365.409846,16834.006545999997,SL,-78.0994499999997,-0.47495609723040055,16389.609675,16416.559486,16403.0845805,2854.938879000014,12854.938879000014,False,97
2023-08-29 08:45:00,16672.032688,2023-08-29 15:45:00,16968.7556,Long,16565.883435,17202.778952999997,EOD,296.7229120000011,1.7797644567574105,16590.083265,16640.132913,16615.108089,3151.661791000015,13151.661791000015,True,98
2023-08-31 08:45:00,17123.029515,2023-08-31 15:45:00,17090.029747,Long,17029.530173,17590.526224999994,EOD,-32.99976799999786,-0.19272155065252694,17042.73008,17061.704946,17052.217513000003,3118.662023000017,13118.662023000017,False,99
2023-09-01 08:45:00,17115.329569,2023-09-01 15:45:00,17062.254942,Short,17227.253781,16555.70850900001,EOD,53.07462700000178,0.31009994161101495,17118.07955,17190.679039,17154.3792945,3171.736650000019,13171.736650000019,True,100
2023-09-04 08:45:00,17133.479441,2023-09-04 09:15:00,17104.879642,Long,17104.879642,17276.478435999998,SL,-28.59979899999962,-0.16692347341638616,17110.9296,17122.204521,17116.567060499998,3143.1368510000193,13143.13685100002,False,101
2023-09-08 08:45:00,16865.906324,2023-09-08 13:45:00,16796.331814,Long,16796.331814,17213.778873999992,SL,-69.57450999999855,-0.41251569090594786,16814.481686,16845.281469,16829.8815775,3073.5623410000208,13073.56234100002,False,101
2023-09-11 08:45:00,16903.010529,2023-09-11 12:15:00,16974.42061,Short,16974.42061,16545.96012399999,SL,-71.41008100000181,-0.422469600178534,16938.036766,16959.215422,16948.626094,3002.152260000019,13002.152260000019,False,101
2023-09-12 08:45:00,16997.228392,2023-09-12 09:15:00,16933.420906,Long,16933.420906,17316.26582200001,SL,-63.80748600000152,-0.3753993564623363,16953.784997,16961.11607,16957.4505335,2938.3447740000174,12938.344774000017,False,101
2023-09-15 08:45:00,16847.891721,2023-09-15 15:45:00,16707.243729,Short,16975.506695,16209.816851,EOD,140.64799199999834,0.834810635829812,16876.944492,16934.506991,16905.7257415,3078.9927660000158,13078.992766000016,True,102
2023-09-18 08:45:00,16736.024979,2023-09-18 15:45:00,16753.130815,Long,16670.045322,17065.923264,EOD,17.105835999998817,0.1022096705846391,16689.59485,16693.667668,16691.631259,3096.0986020000146,13096.098602000015,True,102
2023-09-25 08:45:00,16156.598694,2023-09-25 15:45:00,16238.05506,Long,16067.811255,16600.535889,EOD,81.45636600000034,0.504167786442888,16103.109014,16121.300936,16112.204975,3177.554968000015,13177.554968000015,True,102
2023-10-02 08:45:00,16205.744035,2023-10-02 15:45:00,16283.127583,Long,16123.744627,16615.741074999998,EOD,77.38354799999979,0.47750691256675637,16156.870216,16187.552113,16172.2111645,3254.9385160000147,13254.938516000015,True,102
2023-10-03 08:45:00,16236.968976,2023-10-03 09:00:00,16132.433306,Long,16132.433306,16759.647326,SL,-104.5356699999993,-0.6438127100847106,16161.486076,16174.247574,16167.866825000001,3150.4028460000154,13150.402846000015,False,103
2023-10-04 08:45:00,16075.956892,2023-10-04 09:00:00,16018.665914,Long,16018.665914,16362.411782000005,SL,-57.290978000000905,-0.35637678294914465,16039.573048,16056.950406,16048.261727000001,3093.1118680000145,13093.111868000015,False,103
2023-10-17 08:45:00,16377.073925,2023-10-17 09:00:00,16468.033534,Short,16468.033534,15922.275880000012,SL,-90.95960899999773,-0.5554081847377246,16409.38495,16439.523806,16424.454378000002,3002.152259000017,13002.152259000017,False,103
2023-10-19 08:45:00,16354.266143,2023-10-19 09:00:00,16404.76909,Short,16404.76909,16101.751407999996,SL,-50.50294700000086,-0.3088059504376922,16374.358713,16375.98784,16375.1732765,2951.649312000016,12951.649312000016,False,103
2023-10-25 08:45:00,15912.772638,2023-10-25 15:45:00,15713.204542,Short,16023.281775,15360.226953000005,EOD,199.56809600000088,1.2541377957190725,15913.04416,16000.745514,15956.894837,3151.217408000017,13151.217408000017,True,104
2023-10-30 08:45:00,15694.741099,2023-10-30 09:15:00,15579.34458,Long,15579.34458,16271.723694,SL,-115.3965189999999,-0.7352559578529936,15604.867575,15678.449825,15641.6587,3035.820889000017,13035.820889000017,False,105
2023-10-31 08:45:00,15574.457198,2023-10-31 09:45:00,15662.430073,Short,15662.430073,15134.592823000003,SL,-87.97287499999948,-0.5648535540056995,15591.834556,15631.748175,15611.791365500001,2947.8480140000174,12947.848014000017,False,105
2023-11-01 08:45:00,15799.276768,2023-11-01 14:45:00,16031.427408,Long,15752.84664,16031.427408,TP,232.15063999999984,1.4693751075378327,15785.700707,15797.37612,15791.5384135,3179.9986540000173,13179.998654000017,True,106
2023-11-03 08:45:00,16426.219266,2023-11-03 15:45:00,16493.556529,Long,16320.597511,16954.328041,EOD,67.33726300000126,0.4099376850483183,16349.921803,16391.193029,16370.557416,3247.3359170000185,13247.335917000019,True,106
2023-11-10 08:45:00,16700.72722,2023-11-10 15:45:00,16924.460705,Long,16634.476042,17031.983110000012,EOD,223.73348500000066,1.3396631299508204,16650.767315,16691.495498,16671.1314065,3471.069402000019,13471.06940200002,True,106
2023-11-13 08:45:00,16823.997854,2023-11-13 09:45:00,16875.043843,Short,16875.043843,16568.76790900001,SL,-51.04598899999837,-0.3034117659962843,16836.48783,16864.182995,16850.335412499997,3420.023413000021,13420.02341300002,False,107
2023-11-20 08:45:00,17373.285283,2023-11-20 15:45:00,17474.562698,Long,17258.431806,17947.552668000004,EOD,101.27741500000047,0.582949127641977,17280.968068,17321.967772,17301.46792,3521.3008280000213,13521.300828000021,True,108
2023-11-29 08:45:00,17588.330089,2023-11-29 09:00:00,17529.681506,Long,17529.681506,17881.57300399999,SL,-58.648582999998325,-0.3334516847433857,17546.787342,17580.999016,17563.893179,3462.652245000023,13462.652245000023,False,109
2023-11-30 08:45:00,17352.378149,2023-11-30 15:45:00,17330.656451,Short,17432.205387,16953.24195899999,EOD,21.721698000001197,0.12517994832456436,17363.510519,17406.953914,17385.2322165,3484.373943000024,13484.373943000024,True,110
2023-12-05 08:45:00,17219.332751,2023-12-05 15:45:00,17268.478092,Long,17126.472493,17683.634041000005,EOD,49.14534099999946,0.28540792904501705,17160.141125,17177.518483,17168.829804,3533.5192840000236,13533.519284000024,True,110
2023-12-06 08:45:00,17321.696251,2023-12-06 15:45:00,17175.889355,Short,17417.543242,16842.46129600001,EOD,145.80689600000187,0.8417587624629099,17345.861639,17397.17915,17371.5203945,3679.3261800000255,13679.326180000025,True,110
2023-12-08 08:45:00,17367.854858,2023-12-08 15:45:00,17479.45008,Long,17310.563881,17654.309743,EOD,111.59522199999992,0.6425388910283115,17334.186227,17353.192712,17343.6894695,3790.9214020000254,13790.921402000025,True,110
2023-12-11 08:45:00,17551.131682,2023-12-11 15:45:00,17641.548248,Long,17453.112521,18041.227487,EOD,90.41656599999988,0.5151608889854598,17479.45008,17513.390232,17496.420156,3881.3379680000253,13881.337968000025,True,110
2023-12-20 08:45:00,18241.899199,2023-12-20 13:30:00,18199.822712,Long,18199.822712,18452.28163399999,SL,-42.07648699999845,-0.2306584777220183,18211.346846,18231.715081,18221.5309635,3839.261481000027,13839.261481000027,False,111
2023-12-22 08:45:00,18248.331274,2023-12-22 09:45:00,18219.118936,Long,18219.118936,18394.392964000006,SL,-29.212338000001182,-0.1600822429260837,18233.591103,18243.775221,18238.683162,3810.0491430000257,13810.049143000026,False,111
2023-12-26 08:45:00,18268.163503,2023-12-26 15:45:00,18320.692112,Long,18230.911072,18454.425658000004,EOD,52.52860900000087,0.28754181552718544,18240.827187,18256.63937,18248.7332785,3862.5777520000265,13862.577752000027,True,112
2023-12-28 08:45:00,18357.67654,2023-12-28 15:45:00,18320.156105,Short,18385.280859,18219.65494500001,EOD,37.52043500000218,0.2043855327674391,18363.304605,18373.488723,18368.396664,3900.0981870000287,13900.098187000029,True,112
2024-01-02 08:45:00,17970.680059,2024-01-02 15:45:00,17936.643665,Short,18093.157477,17358.292968999987,EOD,34.036393999998836,0.18939958804148246,17990.512289,18074.129257,18032.320773,3934.1345810000275,13934.134581000028,True,112
2024-01-05 08:45:00,17657.652435,2024-01-05 13:45:00,17601.10378,Long,17601.10378,17940.395709999993,SL,-56.54865499999869,-0.3202501306907092,17635.944184,17648.54033,17642.242256999998,3877.585926000029,13877.585926000029,False,113
2024-01-08 08:45:00,17825.958384,2024-01-08 15:45:00,17997.212366,Long,17683.11273,18540.186654000005,EOD,171.25398199999836,0.9606999989055867,17703.480966,17770.481741,17736.9813535,4048.839908000027,14048.839908000027,True,114
2024-01-17 08:45:00,17910.111358,2024-01-17 14:45:00,18056.709055,Short,18056.709055,17177.122872999993,SL,-146.59769700000106,-0.8185191820960931,17952.455848,18021.332646,17986.894247,3902.242211000026,13902.242211000026,False,115
2024-01-25 08:45:00,18940.851292,2024-01-25 09:15:00,19003.832021,Short,19003.832021,18625.947647000005,SL,-62.98072899999897,-0.3325126628632578,18978.907732,18980.515751,18979.7117415,3839.261482000027,13839.261482000027,False,115
2024-02-02 08:45:00,18860.986367,2024-02-02 15:45:00,18960.683521,Long,18744.941023,19441.21308700001,EOD,99.69715399999768,0.5285892904012282,18776.833393,18821.053905,18798.943649,3938.958636000025,13938.958636000025,True,116
2024-02-06 08:45:00,18925.307112,2024-02-06 15:45:00,18921.287065,Short,19030.900334,18397.341001999983,EOD,4.020046999998158,0.021241647367768,19009.192083,19015.356154,19012.2741185,3942.978683000023,13942.978683000023,True,116
2024-02-15 08:45:00,19099.777132,2024-02-15 12:15:00,19189.558171,Short,19189.558171,18650.871936999993,SL,-89.78103900000133,-0.4700632807363029,19157.665802,19164.097876,19160.881839,3853.1976440000217,13853.197644000022,False,117
2024-02-16 08:45:00,19052.072579,2024-02-16 15:45:00,18997.667949,Short,19234.582692,18139.522014,EOD,54.40463000000091,0.28555754117779286,19184.466112,19210.998419,19197.7322655,3907.6022740000226,13907.602274000023,True,118
2024-02-20 08:45:00,18827.485979,2024-02-20 15:45:00,18848.658224,Short,18952.911431,18200.358719000003,EOD,-21.17224499999793,-0.11245391457793807,18868.490454,18918.071028,18893.280741,3886.4300290000247,13886.430029000025,False,119
2024-02-27 08:45:00,19285.771285,2024-02-27 09:15:00,19322.755713,Short,19322.755713,19100.849145,SL,-36.98442799999975,-0.19177054136676056,19291.131347,19307.747539,19299.439443,3849.445601000025,13849.445601000025,False,119
2024-03-05 08:45:00,19337.763887,2024-03-05 15:45:00,19278.267198,Short,19444.429122,18804.437712,EOD,59.496688999999606,0.3076709869231407,19366.976225,19424.596892,19395.7865585,3908.9422900000245,13908.942290000025,True,120
2024-03-13 08:45:00,19394.345943,2024-03-13 15:45:00,19412.324724,Short,19503.276206,18849.69462800001,EOD,-17.97878099999798,-0.09270114626622436,19429.510324,19485.033031,19457.2716775,3890.9635090000265,13890.963509000027,False,121
2024-03-15 08:45:00,19135.768765,2024-03-15 15:45:00,19103.512716,Short,19276.690683,18431.159175,EOD,32.25604899999962,0.1685641658619803,19172.519509,19173.841478,19173.1804935,3923.219558000026,13923.219558000026,True,122
2024-03-19 08:45:00,19132.067251,2024-03-19 10:30:00,19196.843742,Short,19196.843742,18808.184795999998,SL,-64.77649100000053,-0.33857549291551214,19148.459669,19178.336173,19163.397921,3858.4430670000256,13858.443067000026,False,123
2024-03-20 08:45:00,19309.739913,2024-03-20 13:00:00,19372.930042,Short,19372.930042,18993.789268000008,SL,-63.190128999998706,-0.3272448478576186,19324.545968,19344.375507,19334.460737499998,3795.252938000027,13795.252938000027,False,123
2024-03-27 08:45:00,19512.794384,2024-03-27 15:45:00,19570.96103,Short,19641.025398,18871.639313999996,EOD,-58.166645999997854,-0.29809490560559093,19579.950421,19619.345103,19599.647762,3737.086292000029,13737.086292000029,False,123
2024-04-01 08:45:00,19656.095847,2024-04-01 09:45:00,19541.877707,Long,19541.877707,20227.186547000005,SL,-114.21814000000086,-0.5810825348485128,19568.317091,19648.428426,19608.3727585,3622.868152000028,13622.868152000028,False,123
2024-04-02 08:45:00,19305.774006,2024-04-02 12:00:00,19348.07702,Short,19348.07702,19094.258935999995,SL,-42.303014000000985,-0.21912104630901472,19305.774006,19320.844455,19313.3092305,3580.565138000027,13580.565138000027,False,123
2024-04-05 08:45:00,19253.688419,2024-04-05 15:45:00,19365.26262,Long,19163.794512,19703.157953999988,EOD,111.57420100000309,0.579495204097616,19195.257379,19205.304345,19200.280862,3692.1393390000303,13692.13933900003,True,124
2024-04-08 08:45:00,19354.422473,2024-04-08 09:30:00,19420.256539,Short,19420.256539,19025.252142999983,SL,-65.83406600000308,-0.3401499894499233,19361.8255,19380.068675,19370.947087499997,3626.3052730000272,13626.305273000027,False,125
2024-04-15 08:45:00,19358.38838,2024-04-15 12:15:00,19113.824074999997,Short,19407.301241,19113.824074999997,TP,244.56430500000351,1.2633505444733901,19379.539888,19385.88534,19382.712614,3870.8695780000307,13870.86957800003,True,126
2024-04-17 08:45:00,18921.080964,2024-04-17 15:45:00,18680.218174,Short,19003.043056,18511.27050400001,EOD,240.86278999999922,1.2729864137163955,18975.81049,18984.006699,18979.9085945,4111.73236800003,14111.73236800003,True,126
2024-04-18 08:45:00,18624.431073,2024-04-18 09:30:00,18711.681041,Short,18711.681041,18188.181233,SL,-87.24996800000008,-0.4684705141221045,18663.825755,18686.299232,18675.0624935,4024.48240000003,14024.48240000003,False,127
2024-04-23 08:45:00,18508.62657,2024-04-23 15:45:00,18673.07954,Long,18426.400084,18919.759,EOD,164.45296999999846,0.888520654831054,18440.941746,18452.839469,18446.890607499998,4188.935370000028,14188.935370000028,True,128
2024-04-26 08:45:00,18809.242369,2024-04-26 15:45:00,18863.7075,Long,18694.231047,19384.298978999992,EOD,54.46513100000084,0.28956578862403426,18745.523453,18746.581028,18746.0522405,4243.400501000029,14243.40050100003,True,128
2024-04-29 08:45:00,18895.699155,2024-04-29 12:15:00,18955.452164,Short,18955.452164,18596.93411,SL,-59.75300900000002,-0.316225446382537,18898.343094,18934.300656,18916.321875,4183.647492000029,14183.64749200003,False,129
2024-05-02 08:45:00,18506.247025,2024-05-02 12:15:00,18600.106839,Short,18600.106839,18036.947955000003,SL,-93.85981399999946,-0.5071790832209506,18565.471246,18573.403061,18569.437153500003,4089.7876780000297,14089.78767800003,False,129
2024-05-06 08:45:00,19152.425577,2024-05-06 15:45:00,19232.536911,Long,19093.201356,19448.546682000004,EOD,80.11133399999744,0.41828296723002295,19119.111953,19125.193011,19122.152481999998,4169.899012000027,14169.899012000027,True,130
2024-05-08 08:45:00,19214.029342,2024-05-08 15:45:00,19206.361921,Long,19122.549073,19671.43068700002,EOD,-7.667421000001923,-0.039905325757162685,19137.355128,19165.380875,19151.3680015,4162.231591000025,14162.231591000025,False,131
2024-05-09 08:45:00,19202.924801,2024-05-09 09:30:00,19252.630843,Short,19252.630843,18954.39459100001,SL,-49.70604199999798,-0.25884620449802265,19205.568739,19231.479336,19218.5240375,4112.525549000027,14112.525549000027,False,131
2024-05-10 08:45:00,19384.034583,2024-05-10 09:15:00,19314.499002,Long,19314.499002,19731.712488,SL,-69.5355810000001,-0.3587260469550726,19331.684602,19371.608072,19351.646337,4042.989968000027,14042.989968000027,False,131
2024-05-13 08:45:00,19338.823236,2024-05-13 15:45:00,19338.823236,Short,19390.908823,19078.395300999993,EOD,0.0,0.0,19344.111113,19372.930042,19358.5205775,4042.989968000027,14042.989968000027,False,131
2024-05-17 08:45:00,19711.618554,2024-05-17 15:45:00,19706.595071,Short,19752.5996,19506.713323999997,EOD,5.0234830000008515,0.025484883375959277,19724.309459,19725.10264,19724.7060495,4048.013451000028,14048.013451000028,True,132
2024-05-20 08:45:00,19829.00942,2024-05-20 15:45:00,19824.514725,Long,19710.296585,20422.57359499999,EOD,-4.494694999997591,-0.0226672694777387,19729.861729,19772.957926,19751.4098275,4043.5187560000304,14043.51875600003,False,133
2024-05-23 08:45:00,19937.410896,2024-05-23 15:45:00,19762.382172,Short,20091.023719,19169.346781000004,EOD,175.02872399999978,0.8778909403683675,20022.545713,20063.526759,20043.036236,4218.54748000003,14218.54748000003,True,134
2024-05-28 08:45:00,19950.366194,2024-05-28 09:45:00,20016.993443,Short,20016.993443,19617.229948999993,SL,-66.62724900000103,-0.33396504280727907,19961.206342,20001.394206,19981.300274,4151.920231000029,14151.92023100003,False,135
2024-05-29 08:45:00,19915.730601,2024-05-29 15:45:00,19835.090479,Long,19835.090479,20318.931211000003,SL,-80.6401220000007,-0.4049066720954321,19856.50638,19863.116226,19859.811303,4071.2801090000285,14071.280109000028,False,135
2024-06-12 08:45:00,20613.201558,2024-06-12 15:45:00,20739.317421,Long,20518.284169,21087.78850300001,EOD,126.11586299999908,0.6118208403733063,20544.987947,20600.24626,20572.6171035,4197.3959720000275,14197.395972000028,True,136
2024-06-14 08:45:00,20769.458319,2024-06-14 15:45:00,20830.268903,Long,20681.943957,21207.03012900001,EOD,60.810583999998926,0.2927884929207283,20706.532585,20724.77576,20715.6541725,4258.2065560000265,14258.206556000026,True,136
2024-06-21 08:45:00,20827.353674,2024-06-21 10:45:00,20923.12062,Short,20923.12062,20348.518944000003,SL,-95.76694599999973,-0.45981331809595755,20862.842242,20889.980559,20876.4114005,4162.439610000027,14162.439610000027,False,137
2024-06-26 08:45:00,20846.402685,2024-06-26 15:45:00,20827.353674,Long,20775.947438,21198.67892000001,EOD,-19.049010999999155,-0.09137792878627372,20807.782772,20814.828297,20811.3055345,4143.390599000028,14143.390599000028,False,137
2024-06-27 08:45:00,20938.516396,2024-06-27 10:15:00,20864.929805,Long,20864.929805,21306.449350999996,SL,-73.58659099999932,-0.3514412846081921,20881.108417,20885.805434,20883.456925500002,4069.8040080000283,14069.804008000028,False,137
2024-06-28 08:45:00,21029.586325,2024-06-28 11:00:00,20936.689778,Long,20936.689778,21494.06906,SL,-92.89654700000028,-0.4417421511024434,20967.48133,20983.138052,20975.309691,3976.907461000028,13976.907461000028,False,137
2024-07-01 08:45:00,20758.464099,2024-07-01 10:45:00,20848.751193,Short,20848.751193,20307.028629000004,SL,-90.28709399999934,-0.4349411091755519,20799.432521,20824.222329,20811.827425,3886.6203670000286,13886.620367000029,False,137
2024-07-02 08:45:00,20940.864904,2024-07-02 15:45:00,21126.136108,Long,20844.054177,21424.91853899998,EOD,185.27120400000058,0.8847352048224674,20862.581297,20915.553204,20889.0672505,4071.891571000029,14071.89157100003,True,138
2024-07-03 08:45:00,21161.885621,2024-07-03 12:00:00,21313.494874,Long,21091.69132,21512.857126,EOD,151.60925299999872,0.7164260109673273,21114.132621,21135.53014,21124.8313805,4223.500824000028,14223.500824000028,True,138
2024-07-04 08:45:00,21277.223469,2024-07-04 11:45:00,21273.570234,Short,21303.05706,21148.055514000007,EOD,3.6532350000015867,0.017169697941670788,21287.400338,21298.099098,21292.749718,4227.1540590000295,14227.15405900003,True,138
2024-07-17 08:45:00,21093.778883,2024-07-17 15:45:00,20893.111904,Short,21181.195578,20656.695408,EOD,200.6669789999978,0.9513088200697899,21135.791086,21141.270938,21138.531012,4427.821038000027,14427.821038000027,True,138
2024-07-18 08:45:00,20946.344757,2024-07-18 15:45:00,20807.521827,Short,21042.894539,20463.59584699999,EOD,138.82292999999845,0.6627549179128526,20951.302718,21014.451495,20982.8771065,4566.643968000026,14566.643968000026,True,138
2024-07-23 08:45:00,20882.152199,2024-07-23 09:45:00,20826.309892,Long,20826.309892,21161.363733999995,SL,-55.84230699999898,-0.26741643518273533,20854.231046,20857.101444,20855.666245,4510.801661000027,14510.801661000027,False,139
2024-07-24 08:45:00,20366.263228,2024-07-24 15:45:00,20113.146231,Short,20512.392628,19635.61622799999,EOD,253.116997000001,1.2428249314386255,20417.669463,20480.296349,20448.982905999997,4763.918658000028,14763.918658000028,True,140
2024-07-25 08:45:00,19864.465306,2024-07-25 10:00:00,20087.051696,Short,20087.051696,18751.533355999996,SL,-222.5863900000004,-1.1205254537244902,20011.116597,20053.65069,20032.383643499998,4541.332268000027,14541.332268000027,False,141
2024-07-26 08:45:00,19966.755886,2024-07-26 09:15:00,20023.902919,Short,20023.902919,19681.020720999994,SL,-57.1470330000011,-0.2862109064000258,19983.717334,19994.677039,19989.1971865,4484.185235000026,14484.185235000026,False,141
2024-07-29 08:45:00,20206.042779,2024-07-29 09:00:00,20119.930811,Long,20119.930811,20636.602619000005,SL,-86.11196800000107,-0.42616938379194486,20138.979822,20139.501713,20139.2407675,4398.073267000025,14398.073267000025,False,141
2024-08-01 08:45:00,20506.129939,2024-08-01 09:15:00,20371.74308,Long,20371.74308,21178.06423399999,SL,-134.38685899999837,-0.6553496900671247,20415.5819,20456.550321,20436.0661105,4263.686408000027,14263.686408000027,False,141
2024-08-05 08:45:00,18672.72786,2024-08-05 15:45:00,18941.240633,Long,18322.278246,20424.975929999986,EOD,268.5127730000022,1.4379943574029157,18465.798192,18535.992493,18500.8953425,4532.199181000029,14532.199181000029,True,142
2024-08-07 08:45:00,19331.353942,2024-08-07 10:30:00,19211.319077,Long,19211.319077,19931.52826700001,SL,-120.03486500000145,-0.6209335639921699,19268.988001,19281.252433,19275.120217000003,4412.164316000028,14412.164316000028,False,143
2024-08-12 08:45:00,19351.968625,2024-08-12 09:15:00,19482.963194,Short,19482.963194,18696.99578000001,SL,-130.9945689999986,-0.676905649954249,19406.245259,19450.084079,19428.164668999998,4281.169747000029,14281.169747000029,False,143
2024-08-13 08:45:00,19726.686158,2024-08-13 15:45:00,19935.442443,Long,19618.65478,20266.843048,EOD,208.75628499999948,1.0582430486700882,19672.148578,19688.588136,19680.368357,4489.9260320000285,14489.926032000028,True,144
2024-08-14 08:45:00,19862.638689,2024-08-14 10:30:00,19992.067586,Short,19992.067586,19215.49420399999,SL,-129.4288970000016,-0.6516198528631535,19939.356624,19959.188471,19949.2725475,4360.497135000027,14360.497135000027,False,145
2024-08-15 08:45:00,20312.76943,2024-08-15 15:45:00,20424.975933,Long,20162.986795,21061.682604999998,EOD,112.20650300000125,0.5523939184495594,20201.606708,20208.652232,20205.12947,4472.703638000028,14472.703638000028,True,146
2024-08-20 08:45:00,20790.560378,2024-08-20 09:15:00,20679.658602,Long,20679.658602,21345.069257999992,SL,-110.90177599999879,-0.5334236979843603,20696.880995,20730.021056,20713.4510255,4361.801862000029,14361.80186200003,False,147
2024-08-28 08:45:00,20414.016228,2024-08-28 15:45:00,20155.680325,Short,20485.515256,20056.52108800001,EOD,258.33590299999923,1.2654829902881335,20447.678179,20453.679922,20450.6790505,4620.137765000029,14620.137765000029,True,148
2024-08-29 08:45:00,20503.781431,2024-08-29 13:30:00,20320.336845,Long,20320.336845,21421.00436099999,SL,-183.4445859999978,-0.8946866050895615,20358.695812,20392.618709,20375.6572605,4436.693179000031,14436.69317900003,False,149
2024-09-03 08:45:00,20214.39303,2024-09-03 15:45:00,19821.148377,Short,20363.91472,19466.784579999992,EOD,393.2446529999979,1.9453695810524068,20270.235336,20323.207244,20296.72129,4829.937832000029,14829.937832000029,True,150
2024-09-04 08:45:00,19803.143147,2024-09-04 09:00:00,19693.285152,Long,19693.285152,20352.43312199999,SL,-109.85799499999848,-0.5547502948623638,19722.771977,19761.652836,19742.212406500003,4720.07983700003,14720.07983700003,False,151
2024-09-05 08:45:00,19887.428498,2024-09-05 10:15:00,19707.898092,Long,19707.898092,20785.08052800001,SL,-179.53040600000168,-0.9027331312243628,19741.820988,19791.922497,19766.8717425,4540.549431000029,14540.549431000029,False,151
2024-09-06 08:45:00,19566.465708,2024-09-06 15:45:00,19182.093197,Short,19802.882202,18384.383237999995,EOD,384.3725110000014,1.9644452745640508,19711.029436,19750.432185,19730.7308105,4924.92194200003,14924.92194200003,True,152
2024-09-09 08:45:00,19505.66544,2024-09-09 09:30:00,19406.245259,Long,19406.245259,20002.766345000007,SL,-99.42018100000132,-0.509698996457315,19448.257462,19452.693533,19450.475497500003,4825.501761000029,14825.501761000029,False,153
2024-09-11 08:45:00,19614.218709,2024-09-11 11:30:00,19756.172983,Short,19756.172983,18904.447339000002,SL,-141.9542739999997,-0.7237314731015204,19678.150321,19718.335906,19698.2431135,4683.547487000029,14683.547487000029,False,153
2024-09-13 08:45:00,20316.161719,2024-09-13 15:45:00,20357.391086,Long,20255.622396,20618.858334000004,EOD,41.22936699999991,0.20293876161382168,20288.240566,20311.986594,20300.11358,4724.776854000029,14724.776854000029,True,154
2024-09-18 08:45:00,20329.817678,2024-09-18 13:00:00,20358.184626,Short,20358.184626,20187.982938000005,SL,-28.366947999998956,-0.13953370585657723,20333.94378,20343.485389,20338.7145845,4696.40990600003,14696.40990600003,False,155
2024-09-24 08:45:00,20722.570961,2024-09-24 10:30:00,20779.304857,Short,20779.304857,20438.90148100001,SL,-56.73389599999791,-0.2737782686654635,20758.158587,20764.089857,20761.124222,4639.676010000032,14639.676010000032,False,155
2024-09-25 08:45:00,20869.821208,2024-09-25 12:00:00,20774.920874,Long,20774.920874,21344.32287800001,SL,-94.90033400000175,-0.4547251893256456,20785.494009,20810.508499,20798.001254,4544.77567600003,14544.77567600003,False,155
2024-09-26 08:45:00,21071.226535,2024-09-26 15:45:00,20987.157218,Short,21182.889156,20512.913430000004,EOD,84.06931700000132,0.39897685528822635,21095.2095,21148.590938,21121.900219000003,4628.8449930000315,14628.844993000032,True,156
2024-09-27 08:45:00,20967.816117,2024-09-27 15:45:00,20829.591718,Short,21034.865266,20632.570371999987,EOD,138.2243989999988,0.6592217245167995,21003.919505,21010.882301,21007.400903,4767.06939200003,14767.06939200003,True,156
2024-09-30 08:45:00,20841.196379,2024-09-30 09:00:00,20803.287821,Long,20803.287821,21030.739168999997,SL,-37.908557999999175,-0.18189242743375605,20825.723498,20836.296633,20831.0100655,4729.160834000031,14729.160834000031,False,157
2024-10-01 08:45:00,20675.894439,2024-10-01 15:45:00,20591.56724,Short,20907.987646,19515.42840399999,EOD,84.32719899999938,0.407852725543698,20735.72291,20878.589173,20807.1560415,4813.488033000031,14813.48803300003,True,158
2024-10-03 08:45:00,20654.232406,2024-10-03 12:00:00,20525.033854,Long,20525.033854,21300.22516599999,SL,-129.19855199999802,-0.6255306392430551,20553.400801,20605.492832,20579.4468165,4684.2894810000325,14684.289481000033,False,159
2024-10-14 08:45:00,21322.402962,2024-10-14 10:00:00,21196.298986,Long,21196.298986,21952.922841999993,SL,-126.10397599999851,-0.5914154057811231,21214.866442,21250.96983,21232.918136,4558.185505000034,14558.185505000034,False,159
2024-10-16 08:45:00,20861.311123,2024-10-16 13:15:00,21020.681792,Short,21020.681792,20064.457778,SL,-159.3706689999999,-0.7639532724493555,20898.188155,20988.962387,20943.575271,4398.814836000034,14398.814836000034,False,159
2024-10-17 08:45:00,21078.447213,2024-10-17 15:45:00,21026.0973,Short,21237.044238,20285.462088000004,EOD,52.349912999998196,0.2483575401498822,21151.169751,21220.797713,21185.983732,4451.164749000032,14451.164749000032,True,160
2024-10-21 08:45:00,21139.307209,2024-10-21 09:45:00,21055.495773,Long,21055.495773,21558.364389,SL,-83.81143599999996,-0.39647200909364466,21074.836874,21113.003313,21093.9200935,4367.353313000032,14367.353313000032,False,161
2024-10-22 08:45:00,21105.266872,2024-10-22 15:45:00,21165.868988,Long,21029.449758,21484.352442000007,EOD,60.602115999998205,0.28714214497992446,21047.501452,21074.321111,21060.9112815,4427.955429000031,14427.95542900003,True,162
2024-10-24 08:45:00,20978.131371,2024-10-24 14:30:00,21048.275096,Short,21048.275096,20627.41274599999,SL,-70.14372500000172,-0.3343659345034317,20995.667302,21002.88798,20999.277641,4357.811704000029,14357.811704000029,False,163
2024-10-25 08:45:00,21300.483048,2024-10-25 12:30:00,21136.212633,Long,21136.212633,22121.835122999993,SL,-164.27041499999905,-0.7712051160052127,21158.64831,21235.49695,21197.072630000002,4193.54128900003,14193.54128900003,False,163
2024-10-28 08:45:00,21204.293307,2024-10-28 15:45:00,21153.748565,Short,21306.156437,20694.977656999992,EOD,50.54474199999822,0.23837032089776033,21232.660255,21268.24788,21250.4540675,4244.086031000028,14244.086031000028,True,164
2024-10-30 08:45:00,21282.947117,2024-10-30 09:00:00,21324.466013,Short,21324.466013,21075.352636999993,SL,-41.518896000001405,-0.19508057681935273,21287.588981,21297.13059,21292.3597855,4202.567135000027,14202.567135000027,False,165
2024-10-31 08:45:00,20801.740533,2024-10-31 15:45:00,20674.862913,Short,21038.475605,19618.065173000003,EOD,126.8776199999993,0.6099375184433241,20898.961799,21003.145861,20951.05383,4329.444755000026,14329.444755000026,True,166
2024-11-01 08:45:00,20805.608753,2024-11-01 15:45:00,20806.124516,Long,20696.524946,21351.027787999996,EOD,0.5157629999994242,0.0024789613518280515,20733.659859,20760.479519,20747.069689,4329.960518000025,14329.960518000025,True,166
2024-11-05 08:45:00,20930.423323,2024-11-05 15:45:00,21004.693149,Long,20768.989603,21737.591922999985,EOD,74.26982599999974,0.3548414900829368,20789.104348,20844.033073,20816.5687105,4404.230344000025,14404.230344000025,True,166
2024-11-07 08:45:00,21774.211072,2024-11-07 15:45:00,21894.383777,Long,21657.906587,22355.733496999983,EOD,120.17270500000086,0.5519038306491569,21683.178959,21712.577432,21697.8781955,4524.403049000026,14524.403049000026,True,166
2024-11-11 08:45:00,21839.970814,2024-11-11 15:45:00,21878.910897,Short,21967.622078,21201.714494,EOD,-38.94008300000132,-0.1782973216019121,21887.1631,21951.891317,21919.527208500003,4485.462966000025,14485.462966000025,False,167
2024-11-15 08:45:00,21342.259825,2024-11-15 15:45:00,21149.622463,Short,21453.664565,20785.23612500001,EOD,192.6373620000013,0.9026099559257957,21399.767364,21406.730161,21403.2487625,4678.100328000026,14678.100328000026,True,168
2024-11-18 08:45:00,21177.473648,2024-11-18 09:00:00,21236.528475,Short,21236.528475,20882.199513,SL,-59.05482699999993,-0.27885680785902933,21192.430766,21203.261782,21197.846274000003,4619.045501000026,14619.045501000026,False,169
2024-11-20 08:45:00,21263.863897,2024-11-20 15:00:00,21430.197363,Short,21430.197363,20432.196567,SL,-166.33346600000004,-0.7822353773787422,21323.95025,21386.357535,21355.1538925,4452.712035000026,14452.712035000026,False,169
2024-11-21 08:45:00,21318.534742,2024-11-21 15:45:00,21449.280582,Short,21547.275492,20174.830991999996,EOD,-130.7458399999996,-0.6132965589910597,21441.28626,21522.261002,21481.773631,4321.966195000026,14321.966195000026,False,169
2024-11-27 08:45:00,21518.1349,2024-11-27 15:45:00,21462.43253,Short,21614.324641,21037.18619500001,EOD,55.7023700000027,0.25886244443984174,21558.106508,21592.404726,21575.255617000003,4377.668565000029,14377.668565000029,True,170
2024-11-28 08:45:00,21547.01761,2024-11-28 11:45:00,21548.564898,Long,21530.255323,21630.829044999988,EOD,1.547288000001572,0.0071809845242038215,21533.865662,21542.117865,21537.991763500002,4379.215853000031,14379.21585300003,True,170
2024-12-02 08:45:00,21818.0509,2024-12-02 15:45:00,21879.684541,Long,21687.047179,22473.069504999985,EOD,61.63364100000035,0.2824892163030033,21709.998618,21777.047767,21743.5231925,4440.849494000031,14440.849494000031,True,170
2024-12-03 08:45:00,21871.432338,2024-12-03 15:45:00,21996.504789,Long,21811.088104,22173.153508,EOD,125.072451,0.5718530412966866,21845.644204,21854.927932,21850.286068,4565.921945000031,14565.921945000031,True,170
2024-12-06 08:45:00,22290.747399,2024-12-06 15:45:00,22316.019771,Long,22165.93283,22914.82024399999,EOD,25.27237199999945,0.11337606383325313,22194.557659,22227.050708,22210.804183499997,4591.19431700003,14591.19431700003,True,170
2024-12-11 08:45:00,22379.458581,2024-12-11 15:45:00,22441.607984,Long,22251.033673,23021.583120999985,EOD,62.14940299999944,0.2777073572850589,22270.632655,22315.504008,22293.0683315,4653.34372000003,14653.34372000003,True,170
2024-12-13 08:45:00,22570.290774,2024-12-13 09:30:00,22461.98061,Long,22461.98061,23111.841594000012,SL,-108.31016400000226,-0.47987934707855373,22490.86332,22556.1073,22523.48531,4545.033556000028,14545.033556000028,False,171
2024-12-16 08:45:00,22663.901701,2024-12-16 15:45:00,22808.831014,Long,22570.548655,23130.666931,EOD,144.92931300000055,0.6394720331566115,22590.147637,22600.978653,22595.563145,4689.962869000028,14689.962869000028,True,172
2024-12-24 08:45:00,22582.546753,2024-12-24 12:00:00,22729.20173,Long,22485.120424,23069.67839799999,EOD,146.65497700000196,0.6494173513911554,22520.688767,22531.256173,22525.97247,4836.61784600003,14836.61784600003,True,172
2024-12-27 08:45:00,22367.847991,2024-12-27 15:45:00,22392.333444,Short,22564.247099,21385.85245099999,EOD,-24.485453000001144,-0.10946718258212945,22419.911797,22520.431025,22470.171411000003,4812.132393000029,14812.132393000029,False,173
2024-12-30 08:45:00,21947.213681,2024-12-30 10:15:00,22079.950611,Short,22079.950611,21283.529031000005,SL,-132.73692999999912,-0.6048008277010183,22026.855839,22045.928719,22036.392279,4679.39546300003,14679.39546300003,False,173
2024-12-31 08:45:00,22098.765749,2024-12-31 13:30:00,21839.735428999997,Short,22150.571813,21839.735428999997,TP,259.03032000000167,1.1721483586101327,22117.838628,22119.900561,22118.8695945,4938.4257830000315,14938.425783000032,True,174
