year,timeframe,stop_loss_type,rr_ratio,total_fvgs,total_trades,wins,losses,no_exit,win_rate,total_pnl,avg_win,avg_loss,profit_factor,gross_profit,gross_loss
2018,1m,middle,1.5,7,7,3,4,0,42.857142857142854,-36.54108675000134,9.53412174999903,16.28586299999961,0.4390673870030372,28.602365249997092,65.14345199999843
2018,1m,middle,2.0,7,7,2,5,0,28.57142857142857,-41.35429849999855,14.285798999999315,13.985179299999436,0.4085982365631849,28.57159799999863,69.92589649999718
2018,1m,middle,2.5,7,7,2,5,0,28.57142857142857,-34.21139899999889,17.857248749999144,13.985179299999436,0.5107477957039811,35.71449749999829,69.92589649999718
2018,1m,middle,3.0,7,7,2,5,0,28.57142857142857,-27.068499499999234,21.428698499998973,13.985179299999436,0.6128973548447774,42.857396999997945,69.92589649999718
2018,1m,middle,3.5,7,7,2,5,0,28.57142857142857,-19.925599999999577,25.0001482499988,13.985179299999436,0.7150469139855735,50.0002964999976,69.92589649999718
2018,1m,middle,4.0,7,7,2,5,0,28.57142857142857,-12.782700499999919,28.57159799999863,13.985179299999436,0.8171964731263698,57.14319599999726,69.92589649999718
2018,1m,middle,4.5,7,7,2,5,0,28.57142857142857,-5.639801000000261,32.14304774999846,13.985179299999436,0.919346032267166,64.28609549999692,69.92589649999718
2018,1m,middle,5.0,7,7,2,5,0,28.57142857142857,1.5030984999993962,35.71449749999829,13.985179299999436,1.0214955914079622,71.42899499999658,69.92589649999718
2018,1m,middle,10.0,7,7,2,5,0,28.57142857142857,72.93209349999597,71.42899499999658,13.985179299999436,2.0429911828159244,142.85798999999315,69.92589649999718
2018,1m,edge,1.5,7,7,2,5,0,28.57142857142857,-50.67498899999828,11.1513915000005,14.595554399999855,0.30561063168660757,22.302783000001,72.97777199999928
2018,1m,edge,2.0,7,7,2,5,0,28.57142857142857,-43.240727999997944,14.868522000000667,14.595554399999855,0.40748084224881004,29.737044000001333,72.97777199999928
2018,1m,edge,2.5,7,7,2,5,0,28.57142857142857,-35.80646699999761,18.585652500000833,14.595554399999855,0.5093510528110126,37.17130500000167,72.97777199999928
2018,1m,edge,3.0,7,7,2,5,0,28.57142857142857,-28.372205999997277,22.302783000001,14.595554399999855,0.6112212633732151,44.605566000002,72.97777199999928
2018,1m,edge,3.5,7,7,2,5,0,28.57142857142857,-20.937944999996944,26.019913500001167,14.595554399999855,0.7130914739354176,52.03982700000233,72.97777199999928
2018,1m,edge,4.0,7,7,2,5,0,28.57142857142857,-13.50368399999661,29.737044000001333,14.595554399999855,0.8149616844976201,59.474088000002666,72.97777199999928
2018,1m,edge,4.5,7,7,2,5,0,28.57142857142857,-6.069422999996277,33.4541745000015,14.595554399999855,0.9168318950598227,66.908349000003,72.97777199999928
2018,1m,edge,5.0,7,7,2,5,0,28.57142857142857,1.364838000004056,37.17130500000167,14.595554399999855,1.0187021056220251,74.34261000000333,72.97777199999928
2018,1m,edge,10.0,7,7,2,5,0,28.57142857142857,75.70744800000739,74.34261000000333,14.595554399999855,2.0374042112440502,148.68522000000667,72.97777199999928
2018,5m,middle,1.5,19,19,8,11,0,42.10526315789473,-81.5582007499961,36.759826781250354,34.14880136363627,0.7828801717691161,294.07861425000283,375.63681499999893
2018,5m,middle,2.0,19,19,8,11,0,42.10526315789473,16.46800400000484,49.01310237500047,34.14880136363627,1.043840229025488,392.1048190000038,375.63681499999893
2018,5m,middle,2.5,19,19,8,11,0,42.10526315789473,114.49420875000578,61.26637796875059,34.14880136363627,1.30480028628186,490.1310237500047,375.63681499999893
2018,5m,middle,3.0,19,17,6,11,2,35.294117647058826,22.27376350000486,66.31842975000063,34.14880136363627,1.059296007767516,397.9105785000038,375.63681499999893
2018,5m,middle,3.5,19,16,4,12,3,25.0,-136.15756599998986,66.43823812500204,33.49254320833317,0.6612241786849614,265.7529525000082,401.91051849999803
2018,5m,middle,4.0,19,16,4,12,3,25.0,-98.19285849998869,75.92941500000234,33.49254320833317,0.7556847756399558,303.71766000000935,401.91051849999803
2018,5m,middle,4.5,19,16,4,12,3,25.0,-60.22815099998752,85.42059187500263,33.49254320833317,0.8501453725949504,341.6823675000105,401.91051849999803
2018,5m,middle,5.0,19,15,3,12,4,20.0,-140.45856349998667,87.15065166667046,33.49254320833317,0.6505227978998829,261.45195500001137,401.91051849999803
2018,5m,middle,10.0,19,13,1,12,6,7.6923076923076925,-383.0031234999924,18.907395000005636,33.49254320833317,0.04704379241073714,18.907395000005636,401.91051849999803
2018,5m,edge,1.5,19,19,8,11,0,42.10526315789473,-78.99714999999787,39.69843712500011,36.05314972727262,0.8008063332819888,317.5874970000009,396.58464699999877
2018,5m,edge,2.0,19,19,8,11,0,42.10526315789473,26.865349000002425,52.93124950000015,36.05314972727262,1.0677417777093183,423.4499960000012,396.58464699999877
2018,5m,edge,2.5,19,18,6,12,1,33.33333333333333,-47.463783499997135,63.76876958333355,35.839700083333206,0.8896387167730291,382.6126175000013,430.07640099999844
2018,5m,edge,3.0,19,17,5,12,2,29.411764705882355,-91.76293899999564,67.66269240000057,35.839700083333206,0.7866357261485827,338.3134620000028,430.07640099999844
2018,5m,edge,3.5,19,16,4,12,3,25.0,-147.98220399999445,70.523549250001,35.839700083333206,0.6559164751753143,282.094197000004,430.07640099999844
2018,5m,edge,4.0,19,16,4,12,3,25.0,-107.68303299999388,80.59834200000114,35.839700083333206,0.7496188287717878,322.39336800000456,430.07640099999844
2018,5m,edge,4.5,19,15,3,12,4,20.0,-180.32586549999724,83.2501785000004,35.839700083333206,0.5807120198162236,249.7505355000012,430.07640099999844
2018,5m,edge,5.0,19,15,3,12,4,20.0,-152.5758059999971,92.50019833333378,35.839700083333206,0.6452355775735817,277.50059500000134,430.07640099999844
2018,5m,edge,10.0,19,13,1,12,6,7.6923076923076925,-409.71459100000357,20.361809999994875,35.839700083333206,0.047344634471108656,20.361809999994875,430.07640099999844
2018,15m,middle,1.5,21,13,3,10,7,23.076923076923077,-253.40984850000223,47.29659599999923,39.52996364999999,0.3589423690249149,141.88978799999768,395.2996364999999
2018,15m,middle,2.0,21,13,3,10,7,23.076923076923077,-206.113252500003,63.06212799999897,39.52996364999999,0.4785898253665532,189.1863839999969,395.2996364999999
2018,15m,middle,2.5,21,12,2,10,8,16.666666666666664,-282.07832150000377,56.61065749999807,39.52996364999999,0.2864189706888237,113.22131499999614,395.2996364999999
2018,15m,middle,3.0,21,11,1,10,9,9.090909090909092,-304.24561650000214,91.05401999999776,39.52996364999999,0.23034177518146487,91.05401999999776,395.2996364999999
2018,15m,middle,3.5,21,10,0,10,10,0.0,-395.2996364999999,0.0,39.52996364999999,0.0,0.0,395.2996364999999
2018,15m,middle,4.0,21,10,0,10,10,0.0,-395.2996364999999,0.0,39.52996364999999,0.0,0.0,395.2996364999999
2018,15m,middle,4.5,21,10,0,10,10,0.0,-395.2996364999999,0.0,39.52996364999999,0.0,0.0,395.2996364999999
2018,15m,middle,5.0,21,10,0,10,10,0.0,-395.2996364999999,0.0,39.52996364999999,0.0,0.0,395.2996364999999
2018,15m,middle,10.0,21,10,0,10,10,0.0,-395.2996364999999,0.0,39.52996364999999,0.0,0.0,395.2996364999999
2018,15m,edge,1.5,21,13,3,10,7,23.076923076923077,-266.2225405000013,50.14301949999981,41.66515990000007,0.3610427965740248,150.42905849999943,416.6515990000007
2018,15m,edge,2.0,21,13,3,10,7,23.076923076923077,-216.07952100000148,66.85735933333308,41.66515990000007,0.4813903954320331,200.57207799999924,416.6515990000007
2018,15m,edge,2.5,21,11,1,10,9,9.090909090909092,-334.20685400000275,82.44474499999797,41.66515990000007,0.19787454361839094,82.44474499999797,416.6515990000007
2018,15m,edge,3.0,21,11,1,10,9,9.090909090909092,-317.71790500000316,98.93369399999756,41.66515990000007,0.2374494523420691,98.93369399999756,416.6515990000007
2018,15m,edge,3.5,21,10,0,10,10,0.0,-416.6515990000007,0.0,41.66515990000007,0.0,0.0,416.6515990000007
2018,15m,edge,4.0,21,10,0,10,10,0.0,-416.6515990000007,0.0,41.66515990000007,0.0,0.0,416.6515990000007
2018,15m,edge,4.5,21,10,0,10,10,0.0,-416.6515990000007,0.0,41.66515990000007,0.0,0.0,416.6515990000007
2018,15m,edge,5.0,21,10,0,10,10,0.0,-416.6515990000007,0.0,41.66515990000007,0.0,0.0,416.6515990000007
2018,15m,edge,10.0,21,10,0,10,10,0.0,-416.6515990000007,0.0,41.66515990000007,0.0,0.0,416.6515990000007
2019,1m,middle,1.5,10,8,4,4,0,50.0,17.244132999999238,14.392241624999542,10.081208374999733,1.4276306063359119,57.56896649999817,40.32483349999893
2019,1m,middle,2.0,10,8,3,5,0,37.5,13.480389499994999,20.48545199999838,9.595193300000028,1.2809821350862198,61.45635599999514,47.97596650000014
2019,1m,middle,2.5,10,8,3,5,0,37.5,28.844478499993784,25.606814999997976,9.595193300000028,1.601227668857775,76.82044499999392,47.97596650000014
2019,1m,middle,3.0,10,8,3,5,0,37.5,44.20856749999257,30.72817799999757,9.595193300000028,1.9214732026293297,92.18453399999271,47.97596650000014
2019,1m,middle,3.5,10,8,3,5,0,37.5,59.57265649999135,35.84954099999717,9.595193300000028,2.241718736400885,107.5486229999915,47.97596650000014
2019,1m,middle,4.0,10,8,2,6,0,25.0,26.34335050000118,42.018997999999556,9.615774249999655,1.4565995730054728,84.03799599999911,57.69464549999793
2019,1m,middle,4.5,10,8,1,7,0,12.5,-26.037475500002984,43.090910999995685,9.875483785714096,0.6233461126710446,43.090910999995685,69.12838649999867
2019,1m,middle,5.0,10,8,0,8,0,0.0,-78.70414449999771,0.0,9.838018062499714,0.0,0.0,78.70414449999771
2019,1m,middle,10.0,10,8,0,8,0,0.0,-78.70414449999771,0.0,9.838018062499714,0.0,0.0,78.70414449999771
2019,1m,edge,1.5,10,8,4,4,0,50.0,17.9652019999985,15.466853249999758,10.975552750000134,1.4092095042775472,61.86741299999903,43.902211000000534
2019,1m,edge,2.0,10,8,3,5,0,37.5,13.468858999996883,21.914669333332615,10.455029800000194,1.2576531919592737,65.74400799999785,52.275149000000965
2019,1m,edge,2.5,10,8,3,5,0,37.5,29.904860999996345,27.39333666666577,10.455029800000194,1.5720664899490921,82.18000999999731,52.275149000000965
2019,1m,edge,3.0,10,8,3,5,0,37.5,46.34086299999581,32.872003999998924,10.455029800000194,1.8864797879389106,98.61601199999677,52.275149000000965
2019,1m,edge,3.5,10,8,2,6,0,25.0,13.897626500000115,38.51741425,10.522866999999982,1.220117871235411,77.0348285,63.13720199999989
2019,1m,edge,4.0,10,8,1,7,0,12.5,-35.12453800000185,40.01809199999843,10.734661428571469,0.5325617695308014,40.01809199999843,75.14263000000028
2019,1m,edge,4.5,10,8,1,7,0,12.5,-30.122276500002044,45.02035349999824,10.734661428571469,0.5991319907221516,45.02035349999824,75.14263000000028
2019,1m,edge,5.0,10,8,0,8,0,0.0,-85.14715299999989,0.0,10.643394124999986,0.0,0.0,85.14715299999989
2019,1m,edge,10.0,10,8,0,8,0,0.0,-85.14715299999989,0.0,10.643394124999986,0.0,0.0,85.14715299999989
2019,5m,middle,1.5,35,29,13,16,0,44.827586206896555,211.35212449999517,36.02038130769209,16.057052031250123,1.8226608318601352,468.26495699999714,256.91283250000197
2019,5m,middle,2.0,35,28,9,19,1,32.142857142857146,81.32858799999758,44.2196534444443,16.665699631579006,1.2568420225148578,397.9768809999987,316.6482930000011
2019,5m,middle,2.5,35,27,8,19,2,29.629629629629626,108.92854199999601,53.19710437499964,16.665699631579006,1.3440048293580904,425.5768349999971,316.6482930000011
2019,5m,middle,3.0,35,27,7,20,2,25.925925925925924,146.5938869999909,67.87209792857045,16.425539925000113,1.4462376508454102,475.10468549999314,328.51079850000224
2019,5m,middle,3.5,35,26,5,21,3,19.230769230769234,-8.27862450000248,67.96249109999971,16.575765714285765,0.9762170737038063,339.8124554999986,348.09108000000106
2019,5m,middle,4.0,35,26,5,21,3,19.230769230769234,40.26601199999732,77.67141839999968,16.575765714285765,1.115676655661493,388.3570919999984,348.09108000000106
2019,5m,middle,4.5,35,25,4,21,4,16.0,21.10724625000239,92.29958156250086,16.575765714285765,1.060637136263309,369.19832625000345,348.09108000000106
2019,5m,middle,5.0,35,23,2,21,6,8.695652173913043,-104.63249750000341,121.72929124999882,16.575765714285765,0.6994105752436889,243.45858249999765,348.09108000000106
2019,5m,middle,10.0,35,22,1,21,7,4.545454545454546,-197.6390749999946,150.45200500000647,16.575765714285765,0.4322202252353206,150.45200500000647,348.09108000000106
2019,5m,edge,1.5,35,31,13,18,0,41.935483870967744,167.53197199999977,35.678011846153964,16.46012122222232,1.5654473410081704,463.8141540000015,296.28218200000174
2019,5m,edge,2.0,35,30,10,20,1,33.33333333333333,97.46475600000213,43.14779260000032,16.700658500000053,1.291799140734486,431.4779260000032,334.0131700000011
2019,5m,edge,2.5,35,29,8,21,2,27.586206896551722,81.26053000000138,53.69573437500037,16.585968809523884,1.2333025638753865,429.56587500000296,348.3053450000016
2019,5m,edge,3.0,35,29,7,22,2,24.137931034482758,84.85076900000513,64.81954971428657,16.767549045454583,1.230018896972268,453.7368480000059,368.8860790000008
2019,5m,edge,3.5,35,28,6,22,3,21.428571428571427,10.502140000007785,63.23136983333476,16.767549045454583,1.0284698734863555,379.3882190000086,368.8860790000008
2019,5m,edge,4.0,35,28,6,22,3,21.428571428571427,64.70045700000901,72.2644226666683,16.767549045454583,1.1753941411272635,433.5865360000098,368.8860790000008
2019,5m,edge,4.5,35,25,3,22,6,12.0,-119.50389099999302,83.12739600000259,16.767549045454583,0.6760412013271101,249.38218800000777,368.8860790000008
2019,5m,edge,5.0,35,24,2,22,7,8.333333333333332,-264.34099399999195,52.27254250000442,16.767549045454583,0.2834075096664426,104.54508500000884,368.8860790000008
2019,5m,edge,10.0,35,24,2,22,7,8.333333333333332,-159.7959089999831,104.54508500000884,16.767549045454583,0.5668150193328853,209.09017000001768,368.8860790000008
2019,15m,middle,1.5,19,14,6,8,3,42.857142857142854,-32.306124250000266,38.85549737500037,33.17988856250031,0.8782917693155228,233.1329842500022,265.4391085000025
2019,15m,middle,2.0,19,13,5,8,4,38.46153846153847,-55.534678499998336,41.98088600000083,33.17988856250031,0.7907818527050327,209.90443000000414,265.4391085000025
2019,15m,middle,2.5,19,13,5,8,4,38.46153846153847,-3.0585709999973005,52.476107500001035,33.17988856250031,0.9884773158812908,262.3805375000052,265.4391085000025
2019,15m,middle,3.0,19,13,4,9,4,30.76923076923077,-15.754783500001395,66.49435125000059,31.303576500000418,0.9440788658765514,265.97740500000236,281.73218850000376
2019,15m,middle,3.5,19,11,2,9,6,18.181818181818183,-156.6483957499986,62.54189637500258,31.303576500000418,0.44398119155633325,125.08379275000516,281.73218850000376
2019,15m,middle,4.0,19,11,2,9,6,18.181818181818183,-138.77928249999786,71.47645300000295,31.303576500000418,0.5074070760643808,142.9529060000059,281.73218850000376
2019,15m,middle,4.5,19,11,2,9,6,18.181818181818183,-120.91016924999713,80.41100962500332,31.303576500000418,0.5708329605724285,160.82201925000663,281.73218850000376
2019,15m,middle,5.0,19,10,1,9,7,10.0,-188.59523350000381,93.13695499999994,31.303576500000418,0.33058684382455183,93.13695499999994,281.73218850000376
2019,15m,middle,10.0,19,9,0,9,8,0.0,-281.73218850000376,0.0,31.303576500000418,0.0,0.0,281.73218850000376
2019,15m,edge,1.5,19,13,6,7,4,46.15384615384615,-77.71702849999974,31.722289250000586,38.29296628571475,0.7100660063778114,190.3337355000035,268.05076400000326
2019,15m,edge,2.0,19,13,5,8,4,38.46153846153847,-42.64339899999868,46.97286960000092,34.68846837500041,0.8463343835947104,234.8643480000046,277.5077470000033
2019,15m,edge,2.5,19,13,4,9,4,30.76923076923077,-50.957614500002364,61.42541187500058,32.96214022222274,0.8282284727722353,245.7016475000023,296.6592620000047
2019,15m,edge,3.0,19,13,4,9,4,30.76923076923077,-1.8172850000019025,73.71049425000069,32.96214022222274,0.9938741673266824,294.84197700000277,296.6592620000047
2019,15m,edge,3.5,19,11,2,9,6,18.181818181818183,-144.95879700000114,75.85023250000177,32.96214022222274,0.5113626454042791,151.70046500000353,296.6592620000047
2019,15m,edge,4.0,19,11,2,9,6,18.181818181818183,-123.28730200000064,86.68598000000202,32.96214022222274,0.5844144518906047,173.37196000000404,296.6592620000047
2019,15m,edge,4.5,19,9,0,9,8,0.0,-296.6592620000047,0.0,32.96214022222274,0.0,0.0,296.6592620000047
2019,15m,edge,5.0,19,9,0,9,8,0.0,-296.6592620000047,0.0,32.96214022222274,0.0,0.0,296.6592620000047
2019,15m,edge,10.0,19,9,0,9,8,0.0,-296.6592620000047,0.0,32.96214022222274,0.0,0.0,296.6592620000047
2020,1m,middle,1.5,17,12,4,8,0,33.33333333333333,-220.29385974999695,49.225538062499936,52.14950149999959,0.47196556675139384,196.90215224999974,417.1960119999967
2020,1m,middle,2.0,17,12,4,8,0,33.33333333333333,-154.65980899999704,65.63405074999991,52.14950149999959,0.6292874223351917,262.53620299999966,417.1960119999967
2020,1m,middle,2.5,17,12,4,8,0,33.33333333333333,-89.02575824999712,82.0425634374999,52.14950149999959,0.7866092779189897,328.1702537499996,417.1960119999967
2020,1m,middle,3.0,17,12,4,8,0,33.33333333333333,-23.39170749999721,98.45107612499987,52.14950149999959,0.9439311335027877,393.8043044999995,417.1960119999967
2020,1m,middle,3.5,17,12,3,9,0,25.0,-224.53811599999335,83.98081416666749,52.94228427777731,0.5287570248262389,251.94244250000247,476.4805584999958
2020,1m,middle,4.0,17,12,3,9,0,25.0,-188.546338499993,95.97807333333428,52.94228427777731,0.6042937426585587,287.9342200000028,476.4805584999958
2020,1m,middle,4.5,17,12,3,9,0,25.0,-152.55456099999265,107.97533250000106,52.94228427777731,0.6798304604908786,323.9259975000032,476.4805584999958
2020,1m,middle,5.0,17,12,3,9,0,25.0,-116.56278349999229,119.97259166666784,52.94228427777731,0.7553671783231984,359.91777500000353,476.4805584999958
2020,1m,middle,10.0,17,10,1,9,2,10.0,-472.2052334999971,4.275324999998702,52.94228427777731,0.008972716564675407,4.275324999998702,476.4805584999958
2020,1m,edge,1.5,17,13,5,8,0,38.46153846153847,-240.81419699999697,54.773787600000105,64.33539187499969,0.5321117390022928,273.8689380000005,514.6831349999975
2020,1m,edge,2.0,17,13,4,9,0,30.76923076923077,-470.1741419999944,37.848047500000575,69.06292577777741,0.24356562156909603,151.3921900000023,621.5663319999967
2020,1m,edge,2.5,17,13,4,9,0,30.76923076923077,-432.3260944999938,47.31005937500072,69.06292577777741,0.30445702696137006,189.24023750000288,621.5663319999967
2020,1m,edge,3.0,17,13,4,9,0,30.76923076923077,-394.47804699999324,56.77207125000086,69.06292577777741,0.36534843235364406,227.08828500000345,621.5663319999967
2020,1m,edge,3.5,17,13,4,9,0,30.76923076923077,-356.62999949999266,66.234083125001,69.06292577777741,0.42623983774591806,264.936332500004,621.5663319999967
2020,1m,edge,4.0,17,13,4,9,0,30.76923076923077,-318.7819519999921,75.69609500000115,69.06292577777741,0.48713124313819206,302.7843800000046,621.5663319999967
2020,1m,edge,4.5,17,13,4,9,0,30.76923076923077,-280.9339044999915,85.1581068750013,69.06292577777741,0.5480226485304661,340.6324275000052,621.5663319999967
2020,1m,edge,5.0,17,13,4,9,0,30.76923076923077,-243.08585699999094,94.62011875000144,69.06292577777741,0.6089140539227401,378.48047500000575,621.5663319999967
2020,1m,edge,10.0,17,11,1,10,2,9.090909090909092,-616.7083369999982,5.713059999998222,62.24213969999964,0.009178765427304638,5.713059999998222,622.4213969999964
2020,5m,middle,1.5,24,16,8,8,0,50.0,-239.97852200000307,40.13027437499977,70.12758962500016,0.5722465949506058,321.0421949999982,561.0207170000012
2020,5m,middle,2.0,24,16,7,9,0,43.75,-191.58611149999888,55.56787957142868,64.50680761111107,0.6699984620141793,388.97515700000076,580.5612684999996
2020,5m,middle,2.5,24,15,6,9,1,40.0,-179.324024749998,66.87287395833361,64.50680761111107,0.6911195519237465,401.23724375000165,580.5612684999996
2020,5m,middle,3.0,24,15,6,9,1,40.0,-99.07657599999766,80.24744875000033,64.50680761111107,0.8293434623084959,481.484692500002,580.5612684999996
2020,5m,middle,3.5,24,15,6,9,1,40.0,-18.829127249997327,93.62202354166705,64.50680761111107,0.9675673726932451,561.7321412500023,580.5612684999996
2020,5m,middle,4.0,24,14,5,9,2,35.714285714285715,-113.16295650000211,93.47966239999951,64.50680761111107,0.805080079157912,467.39831199999753,580.5612684999996
2020,5m,middle,4.5,24,14,5,9,2,35.714285714285715,-54.73816750000242,105.16462019999945,64.50680761111107,0.9057150890526511,525.8231009999972,580.5612684999996
2020,5m,middle,5.0,24,13,3,10,3,23.076923076923077,-297.3356600000134,98.97898083332923,59.42726025000011,0.49966453316344356,296.9369424999877,594.2726025000011
2020,5m,middle,10.0,24,12,2,10,4,16.666666666666664,-440.30400250001185,76.98429999999462,59.42726025000011,0.259087495119698,153.96859999998924,594.2726025000011
2020,5m,edge,1.5,24,18,9,9,0,50.0,-250.34642500000336,40.335032999999385,68.1513024444442,0.5918453727700923,363.01529699999446,613.3617219999978
2020,5m,edge,2.0,24,18,8,10,0,44.44444444444444,-188.39087500000278,55.58175374999928,63.3044904999997,0.7024051950943295,444.65402999999424,633.044904999997
2020,5m,edge,2.5,24,17,7,10,1,41.17647058823529,-165.0655975000018,66.85418678571361,63.3044904999997,0.73925136084935,467.97930749999523,633.044904999997
2020,5m,edge,3.0,24,17,7,10,1,41.17647058823529,-71.46973600000274,80.22502414285633,63.3044904999997,0.8871016330192198,561.5751689999943,633.044904999997
2020,5m,edge,3.5,24,17,7,10,1,41.17647058823529,22.126125499996306,93.59586149999905,63.3044904999997,1.0349519051890899,655.1710304999933,633.044904999997
2020,5m,edge,4.0,24,16,5,11,2,31.25,-164.81467900000644,97.24527039999812,59.185548272727004,0.7468444058789173,486.2263519999906,651.041030999997
2020,5m,edge,4.5,24,14,3,11,4,21.428571428571427,-544.4758335000042,35.5217324999976,59.185548272727004,0.16368430317872434,106.56519749999279,651.041030999997
2020,5m,edge,5.0,24,14,3,11,4,21.428571428571427,-532.635256000005,39.468591666664,59.185548272727004,0.1818714479763604,118.40577499999199,651.041030999997
2020,5m,edge,10.0,24,13,1,12,5,7.6923076923076925,-608.1240970000053,51.47483999999167,54.96657808333308,0.07803960423907097,51.47483999999167,659.598936999997
2020,15m,middle,1.5,17,10,6,4,2,60.0,225.9476372500003,102.35268537499951,97.04211874999919,1.5820865211941855,614.1161122499971,388.16847499999676
2020,15m,middle,2.0,17,10,6,4,2,60.0,430.6530079999993,136.470247166666,97.04211874999919,2.1094486949255806,818.8214829999961,388.16847499999676
2020,15m,middle,2.5,17,8,4,4,4,50.0,76.24186125000142,116.10258406249955,97.04211874999919,1.1964143565496967,464.4103362499982,388.16847499999676
2020,15m,middle,3.0,17,7,3,4,5,42.857142857142854,-14.443150999994032,124.57510800000091,97.04211874999919,0.9627915404516192,373.72532400000273,388.16847499999676
2020,15m,middle,3.5,17,6,2,4,6,33.33333333333333,-32.959293749993776,177.6045906250015,97.04211874999919,0.915090235625152,355.209181250003,388.16847499999676
2020,15m,middle,4.0,17,6,2,4,6,33.33333333333333,17.78487500000665,202.9766750000017,97.04211874999919,1.045817412143031,405.9533500000034,388.16847499999676
2020,15m,middle,4.5,17,5,1,4,7,20.0,-331.04445349999696,57.1240214999998,97.04211874999919,0.14716295933099738,57.1240214999998,388.16847499999676
2020,15m,middle,5.0,17,5,1,4,7,20.0,-324.697339999997,63.47113499999978,97.04211874999919,0.16351439925666375,63.47113499999978,388.16847499999676
2020,15m,middle,10.0,17,5,0,5,7,0.0,-400.8627019999967,0.0,80.17254039999935,0.0,0.0,400.8627019999967
2020,15m,edge,1.5,17,12,8,4,2,66.66666666666666,363.27823849999686,105.07896093749963,119.33836225000005,1.7610256912587987,840.631687499997,477.3534490000002
2020,15m,edge,2.0,17,12,7,5,2,58.333333333333336,515.2289639999999,147.9050988571427,104.02134559999976,1.9906216094939673,1035.3356919999987,520.1067279999988
2020,15m,edge,2.5,17,9,4,5,5,44.44444444444444,24.532964500003345,136.15992312500055,104.02134559999976,1.0471690966089626,544.6396925000022,520.1067279999988
2020,15m,edge,3.0,17,8,3,5,6,37.5,56.505002000004424,192.2039100000011,104.02134559999976,1.1086411672029064,576.6117300000033,520.1067279999988
2020,15m,edge,3.5,17,8,2,6,6,25.0,-251.75409699999364,179.10532150000245,101.66078999999975,0.5872645081091176,358.2106430000049,609.9647399999985
2020,15m,edge,4.0,17,8,2,6,6,25.0,-200.58114799999294,204.6917960000028,101.66078999999975,0.6711594378389915,409.3835920000056,609.9647399999985
2020,15m,edge,4.5,17,7,1,6,7,14.285714285714285,-552.1988744999944,57.76586550000411,101.66078999999975,0.09470361434335409,57.76586550000411,609.9647399999985
2020,15m,edge,5.0,17,7,1,6,7,14.285714285714285,-545.780444999994,64.18429500000457,101.66078999999975,0.10522623815928232,64.18429500000457,609.9647399999985
2020,15m,edge,10.0,17,7,0,7,7,0.0,-622.8015989999994,0.0,88.97165699999992,0.0,0.0,622.8015989999994
2021,1m,middle,1.5,11,10,1,9,0,10.0,-116.39011574999222,46.30320224999832,18.077035333332283,0.28460420390468044,46.30320224999832,162.69331799999054
2021,1m,middle,2.0,11,10,1,9,0,10.0,-100.95571499999278,61.73760299999776,18.077035333332283,0.3794722718729072,61.73760299999776,162.69331799999054
2021,1m,middle,2.5,11,10,1,9,0,10.0,-85.52131424999334,77.1720037499972,18.077035333332283,0.47434033984113405,77.1720037499972,162.69331799999054
2021,1m,middle,3.0,11,10,0,10,0,0.0,-193.56211949998942,0.0,19.356211949998944,0.0,0.0,193.56211949998942
2021,1m,middle,3.5,11,10,0,10,0,0.0,-193.56211949998942,0.0,19.356211949998944,0.0,0.0,193.56211949998942
2021,1m,middle,4.0,11,10,0,10,0,0.0,-193.56211949998942,0.0,19.356211949998944,0.0,0.0,193.56211949998942
2021,1m,middle,4.5,11,10,0,10,0,0.0,-193.56211949998942,0.0,19.356211949998944,0.0,0.0,193.56211949998942
2021,1m,middle,5.0,11,10,0,10,0,0.0,-193.56211949998942,0.0,19.356211949998944,0.0,0.0,193.56211949998942
2021,1m,middle,10.0,11,10,0,10,0,0.0,-193.56211949998942,0.0,19.356211949998944,0.0,0.0,193.56211949998942
2021,1m,edge,1.5,11,10,1,9,0,10.0,-120.97319049999624,49.30433549999998,18.91972511111069,0.2895528062816762,49.30433549999998,170.27752599999621
2021,1m,edge,2.0,11,10,1,9,0,10.0,-104.53841199999624,65.73911399999997,18.91972511111069,0.3860704083755682,65.73911399999997,170.27752599999621
2021,1m,edge,2.5,11,10,1,9,0,10.0,-88.10363349999625,82.17389249999997,18.91972511111069,0.48258801046946026,82.17389249999997,170.27752599999621
2021,1m,edge,3.0,11,10,0,10,0,0.0,-203.1470829999962,0.0,20.31470829999962,0.0,0.0,203.1470829999962
2021,1m,edge,3.5,11,10,0,10,0,0.0,-203.1470829999962,0.0,20.31470829999962,0.0,0.0,203.1470829999962
2021,1m,edge,4.0,11,10,0,10,0,0.0,-203.1470829999962,0.0,20.31470829999962,0.0,0.0,203.1470829999962
2021,1m,edge,4.5,11,10,0,10,0,0.0,-203.1470829999962,0.0,20.31470829999962,0.0,0.0,203.1470829999962
2021,1m,edge,5.0,11,10,0,10,0,0.0,-203.1470829999962,0.0,20.31470829999962,0.0,0.0,203.1470829999962
2021,1m,edge,10.0,11,10,0,10,0,0.0,-203.1470829999962,0.0,20.31470829999962,0.0,0.0,203.1470829999962
2021,5m,middle,1.5,25,22,14,8,0,63.63636363636363,709.5056055000114,71.18510967857232,35.88574125000014,3.4714050092946342,996.5915355000125,287.0859300000011
2021,5m,middle,2.0,25,20,10,10,2,50.0,412.04542250002123,81.83803790000202,40.633495649999894,2.014053592753156,818.3803790000202,406.33495649999895
2021,5m,middle,2.5,25,19,9,10,3,47.368421052631575,448.1422772500182,94.94191486111302,40.633495649999894,2.102888811511887,854.4772337500171,406.33495649999895
2021,5m,middle,3.0,25,19,9,10,3,47.368421052631575,619.0377240000216,113.93029783333562,40.633495649999894,2.5234665738142645,1025.3726805000206,406.33495649999895
2021,5m,middle,3.5,25,16,6,10,6,37.5,184.19884750001165,98.42230066666843,40.633495649999894,1.453317748211043,590.5338040000106,406.33495649999895
2021,5m,middle,4.0,25,16,6,10,6,37.5,268.56081950001317,112.48262933333535,40.633495649999894,1.6609345693840492,674.8957760000121,406.33495649999895
2021,5m,middle,4.5,25,16,6,10,6,37.5,352.9227915000147,126.54295800000227,40.633495649999894,1.8685513905570554,759.2577480000136,406.33495649999895
2021,5m,middle,5.0,25,15,5,10,7,33.33333333333333,325.8140935000265,146.4298100000051,40.633495649999894,1.8018362395065741,732.1490500000255,406.33495649999895
2021,5m,middle,10.0,25,13,3,10,9,23.076923076923077,-67.0051414999798,113.10993833333971,40.633495649999894,0.8350987518348548,339.32981500001915,406.33495649999895
2021,5m,edge,1.5,25,22,14,8,0,63.63636363636363,753.4458080000186,75.50895535714413,37.9599458749999,3.4810553289547483,1057.1253750000178,303.6795669999992
2021,5m,edge,2.0,25,20,10,10,2,50.0,454.13179900001705,88.24953440000172,42.83635450000001,2.060155104935498,882.4953440000172,428.36354500000016
2021,5m,edge,2.5,25,19,9,10,3,47.368421052631575,495.8827675000175,102.69403472222419,42.83635450000001,2.15762130855467,924.2463125000177,428.36354500000016
2021,5m,edge,3.0,25,18,8,10,4,44.44444444444444,411.8367770000186,105.02504025000235,42.83635450000001,1.9614188270853405,840.2003220000188,428.36354500000016
2021,5m,edge,3.5,25,16,6,10,6,37.5,199.7371695000238,104.68345241667066,42.83635450000001,1.4662795698453372,628.100714500024,428.36354500000016
2021,5m,edge,4.0,25,16,6,10,6,37.5,289.46584300002723,119.6382313333379,42.83635450000001,1.6757480798232425,717.8293880000274,428.36354500000016
2021,5m,edge,4.5,25,15,5,10,7,33.33333333333333,271.15371500003494,139.903452000007,42.83635450000001,1.6329990452386298,699.5172600000351,428.36354500000016
2021,5m,edge,5.0,25,15,5,10,7,33.33333333333333,348.87785500003883,155.4482800000078,42.83635450000001,1.8144433835984775,777.241400000039,428.36354500000016
2021,5m,edge,10.0,25,12,2,10,10,16.666666666666664,-333.8819649999714,47.240790000014385,42.83635450000001,0.22056400714497948,94.48158000002877,428.36354500000016
2021,15m,middle,1.5,16,15,6,9,0,40.0,110.02100925000923,84.97451187500064,44.4251179999994,1.2751721803718006,509.84707125000386,399.82606199999464
2021,15m,middle,2.0,16,13,4,9,2,30.76923076923077,-85.6141189999853,78.55298575000234,44.4251179999994,0.7858715898315142,314.21194300000934,399.82606199999464
2021,15m,middle,2.5,16,13,4,9,2,30.76923076923077,-7.061133249982959,98.19123218750292,44.4251179999994,0.9823394872893927,392.7649287500117,399.82606199999464
2021,15m,middle,3.0,16,12,3,9,3,25.0,-209.00111999999172,63.60831400000097,44.4251179999994,0.4772698934268209,190.82494200000292,399.82606199999464
2021,15m,middle,3.5,16,12,3,9,3,25.0,-177.19696299999123,74.2096996666678,44.4251179999994,0.5568148756646244,222.6290990000034,399.82606199999464
2021,15m,middle,4.0,16,12,3,9,3,25.0,-145.39280599999074,84.81108533333463,44.4251179999994,0.6363598579024279,254.4332560000039,399.82606199999464
2021,15m,middle,4.5,16,12,3,9,3,25.0,-113.58864899999026,95.41247100000146,44.4251179999994,0.7159048401402314,286.2374130000044,399.82606199999464
2021,15m,middle,5.0,16,10,1,9,5,10.0,-303.2967269999899,96.52933500000472,44.4251179999994,0.24142832139843354,96.52933500000472,399.82606199999464
2021,15m,middle,10.0,16,10,1,9,5,10.0,-206.7673919999852,193.05867000000944,44.4251179999994,0.4828566427968671,193.05867000000944,399.82606199999464
2021,15m,edge,1.5,16,14,5,9,1,35.714285714285715,-6.372224499994445,83.55497790000064,47.12745711111084,0.9849763813317035,417.77488950000316,424.1471139999976
2021,15m,edge,2.0,16,13,4,9,2,30.76923076923077,-60.69559999999365,90.86287850000099,47.12745711111084,0.8568996510960724,363.45151400000395,424.1471139999976
2021,15m,edge,2.5,16,12,3,9,3,25.0,-252.61660149999898,57.17683749999954,47.12745711111084,0.4044127776382786,171.53051249999862,424.1471139999976
2021,15m,edge,3.0,16,12,3,9,3,25.0,-218.31049899999925,68.61220499999945,47.12745711111084,0.48529533316593426,205.83661499999835,424.1471139999976
2021,15m,edge,3.5,16,12,3,9,3,25.0,-184.00439649999953,80.04757249999936,47.12745711111084,0.56617788869359,240.14271749999807,424.1471139999976
2021,15m,edge,4.0,16,12,3,9,3,25.0,-149.6982939999998,91.48293999999926,47.12745711111084,0.6470604442212458,274.4488199999978,424.1471139999976
2021,15m,edge,4.5,16,10,1,9,5,10.0,-323.75660499999776,100.39050899999984,47.12745711111084,0.23668794549430885,100.39050899999984,424.1471139999976
2021,15m,edge,5.0,16,10,1,9,5,10.0,-312.6021039999978,111.54500999999982,47.12745711111084,0.26298660610478763,111.54500999999982,424.1471139999976
2021,15m,edge,10.0,16,10,1,9,5,10.0,-201.05709399999796,223.09001999999964,47.12745711111084,0.5259732122095753,223.09001999999964,424.1471139999976
2022,1m,middle,1.5,14,10,1,9,0,10.0,-277.1123274999982,48.56113800000003,36.18594061111091,0.14910990038886143,48.56113800000003,325.6734654999982
2022,1m,middle,2.0,14,10,1,9,0,10.0,-260.92528149999816,64.74818400000004,36.18594061111091,0.1988132005184819,64.74818400000004,325.6734654999982
2022,1m,middle,2.5,14,10,1,9,0,10.0,-244.73823549999815,80.93523000000005,36.18594061111091,0.24851650064810238,80.93523000000005,325.6734654999982
2022,1m,middle,3.0,14,10,1,9,0,10.0,-228.55118949999815,97.12227600000006,36.18594061111091,0.29821980077772287,97.12227600000006,325.6734654999982
2022,1m,middle,3.5,14,10,1,9,0,10.0,-212.36414349999814,113.30932200000007,36.18594061111091,0.3479231009073433,113.30932200000007,325.6734654999982
2022,1m,middle,4.0,14,10,1,9,0,10.0,-196.17709749999813,129.49636800000007,36.18594061111091,0.3976264010369638,129.49636800000007,325.6734654999982
2022,1m,middle,4.5,14,10,1,9,0,10.0,-179.99005149999812,145.68341400000008,36.18594061111091,0.44732970116658427,145.68341400000008,325.6734654999982
2022,1m,middle,5.0,14,10,1,9,0,10.0,-163.8030054999981,161.8704600000001,36.18594061111091,0.49703300129620476,161.8704600000001,325.6734654999982
2022,1m,middle,10.0,14,10,1,9,0,10.0,-1.9325454999980138,323.7409200000002,36.18594061111091,0.9940660025924095,323.7409200000002,325.6734654999982
2022,1m,edge,1.5,14,10,1,9,0,10.0,-286.4073410000028,51.96893699999873,37.597364222222396,0.15358327512544628,51.96893699999873,338.37627800000155
2022,1m,edge,2.0,14,10,1,9,0,10.0,-269.08436200000324,69.29191599999831,37.597364222222396,0.2047777001672617,69.29191599999831,338.37627800000155
2022,1m,edge,2.5,14,10,1,9,0,10.0,-251.76138300000366,86.61489499999789,37.597364222222396,0.25597212520907714,86.61489499999789,338.37627800000155
2022,1m,edge,3.0,14,10,1,9,0,10.0,-234.43840400000408,103.93787399999746,37.597364222222396,0.30716655025089257,103.93787399999746,338.37627800000155
2022,1m,edge,3.5,14,10,1,9,0,10.0,-217.1154250000045,121.26085299999704,37.597364222222396,0.358360975292708,121.26085299999704,338.37627800000155
2022,1m,edge,4.0,14,10,1,9,0,10.0,-199.79244600000493,138.58383199999662,37.597364222222396,0.4095554003345234,138.58383199999662,338.37627800000155
2022,1m,edge,4.5,14,10,1,9,0,10.0,-182.46946700000535,155.9068109999962,37.597364222222396,0.46074982537633885,155.9068109999962,338.37627800000155
2022,1m,edge,5.0,14,10,1,9,0,10.0,-165.14648800000577,173.22978999999577,37.597364222222396,0.5119442504181543,173.22978999999577,338.37627800000155
2022,1m,edge,10.0,14,10,1,9,0,10.0,8.083301999989999,346.45957999999155,37.597364222222396,1.0238885008363086,346.45957999999155,338.37627800000155
2022,5m,middle,1.5,26,23,10,13,2,43.47826086956522,281.7105182499963,100.64261137499962,55.74735349999999,1.388718719452473,1006.4261137499961,724.7155954999998
2022,5m,middle,2.0,26,22,9,13,3,40.909090909090914,485.4176544999991,134.45924999999988,55.74735349999999,1.6698043446479127,1210.133249999999,724.7155954999998
2022,5m,middle,2.5,26,21,8,13,4,38.095238095238095,627.6028407500025,169.0398045312503,55.74735349999999,1.8659988064931916,1352.3184362500024,724.7155954999998
2022,5m,middle,3.0,26,19,6,13,6,31.57894736842105,174.29189649999716,149.8345819999995,55.74735349999999,1.240496958506528,899.007491999997,724.7155954999998
2022,5m,middle,3.5,26,18,5,13,7,27.77777777777778,-35.68031675000293,137.8070557499994,55.74735349999999,0.9507664565637143,689.0352787499969,724.7155954999998
2022,5m,middle,4.0,26,18,5,13,7,27.77777777777778,62.75329449999663,157.49377799999928,55.74735349999999,1.0865902360728164,787.4688899999965,724.7155954999998
2022,5m,middle,4.5,26,18,4,14,7,22.22222222222222,48.29445849999411,198.38398837499858,53.231535357142874,1.064803770085285,793.5359534999943,745.2414950000002
2022,5m,middle,5.0,26,18,4,14,7,22.22222222222222,136.46511999999348,220.42665374999842,53.231535357142874,1.1831153000947612,881.7066149999937,745.2414950000002
2022,5m,middle,10.0,26,16,1,15,9,6.25,-527.2497550000135,247.70435499998712,51.663607333333374,0.3196374492419776,247.70435499998712,774.9541100000006
2022,5m,edge,1.5,26,23,12,11,2,52.17391304347826,615.9290544999994,104.12843462499973,57.601105545454296,1.972091592320309,1249.5412154999967,633.6121609999973
2022,5m,edge,2.0,26,22,11,11,3,50.0,900.1065909999998,139.4289774545452,57.601105545454296,2.420595510003167,1533.718751999997,633.6121609999973
2022,5m,edge,2.5,26,19,7,12,6,36.84210526315789,399.9484754999985,151.65129464285656,55.134215583333116,1.6045073693779934,1061.559062499996,661.6105869999974
2022,5m,edge,3.0,26,18,5,13,7,27.77777777777778,163.5758749999968,170.7732971999987,53.09927776923052,1.236966680979524,853.8664859999935,690.2906109999967
2022,5m,edge,3.5,26,18,5,13,7,27.77777777777778,305.88695599999573,199.2355133999985,53.09927776923052,1.4431277944761112,996.1775669999925,690.2906109999967
2022,5m,edge,4.0,26,18,5,13,7,27.77777777777778,448.19803699999466,227.69772959999827,53.09927776923052,1.6492889079726984,1138.4886479999914,690.2906109999967
2022,5m,edge,4.5,26,17,3,14,8,17.647058823529413,-45.271893500007536,227.00556449999658,51.87775621428552,0.9376667975921151,681.0166934999897,726.2885869999973
2022,5m,edge,5.0,26,17,3,14,8,17.647058823529413,30.396627999991324,252.2284049999962,51.87775621428552,1.0418519973245723,756.6852149999886,726.2885869999973
2022,5m,edge,10.0,26,15,1,14,10,6.666666666666667,-477.1524170000139,249.1361699999834,51.87775621428552,0.34302641465021994,249.1361699999834,726.2885869999973
2022,15m,middle,1.5,15,10,5,5,3,50.0,427.13097425000524,147.71664525000088,62.29045039999983,2.371417196399037,738.5832262500044,311.45225199999913
2022,15m,middle,2.0,15,10,5,5,3,50.0,673.3253830000067,196.95552700000115,62.29045039999983,3.161889595198716,984.7776350000058,311.45225199999913
2022,15m,middle,2.5,15,10,5,5,3,50.0,919.5197917500082,246.19440875000146,62.29045039999983,3.9523619939983954,1230.9720437500073,311.45225199999913
2022,15m,middle,3.0,15,8,2,6,5,25.0,90.10997349999707,208.7276977499987,54.55757033333339,1.2752748853167006,417.4553954999974,327.3454220000003
2022,15m,middle,3.5,15,7,1,6,6,14.285714285714285,-176.2663277499987,151.07909425000162,54.55757033333339,0.4615280498714336,151.07909425000162,327.3454220000003
2022,15m,middle,4.0,15,7,1,6,6,14.285714285714285,-154.68359999999848,172.66182200000185,54.55757033333339,0.5274606284244955,172.66182200000185,327.3454220000003
2022,15m,middle,4.5,15,7,1,6,6,14.285714285714285,-133.10087224999825,194.24454975000208,54.55757033333339,0.5933932069775575,194.24454975000208,327.3454220000003
2022,15m,middle,5.0,15,6,0,6,7,0.0,-327.3454220000003,0.0,54.55757033333339,0.0,0.0,327.3454220000003
2022,15m,middle,10.0,15,6,0,6,7,0.0,-327.3454220000003,0.0,54.55757033333339,0.0,0.0,327.3454220000003
2022,15m,edge,1.5,15,9,5,4,4,55.55555555555556,654.8236860000043,169.56111180000062,48.2454682499997,4.3931875352873595,847.8055590000031,192.9818729999988
2022,15m,edge,2.0,15,9,5,4,4,55.55555555555556,937.4255390000053,226.08148240000082,48.2454682499997,5.857583380383146,1130.4074120000041,192.9818729999988
2022,15m,edge,2.5,15,8,4,4,5,50.0,865.7582720000028,264.6850362500004,48.2454682499997,5.4862155110288935,1058.7401450000016,192.9818729999988
2022,15m,edge,3.0,15,7,3,4,6,42.857142857142854,457.2431280000019,216.74166700000023,48.2454682499997,3.369357913735269,650.2250010000007,192.9818729999988
2022,15m,edge,3.5,15,6,2,4,7,33.33333333333333,191.89198700000452,192.43693000000167,48.2454682499997,1.9943523918435888,384.87386000000333,192.9818729999988
2022,15m,edge,4.0,15,5,1,4,8,20.0,37.86228700000174,230.84416000000056,48.2454682499997,1.1961960800328744,230.84416000000056,192.9818729999988
2022,15m,edge,4.5,15,5,1,4,8,20.0,66.71780700000181,259.6996800000006,48.2454682499997,1.3457205900369835,259.6996800000006,192.9818729999988
2022,15m,edge,5.0,15,4,0,4,9,0.0,-192.9818729999988,0.0,48.2454682499997,0.0,0.0,192.9818729999988
2022,15m,edge,10.0,15,4,0,4,9,0.0,-192.9818729999988,0.0,48.2454682499997,0.0,0.0,192.9818729999988
2023,1m,middle,1.5,24,20,7,13,0,35.0,-135.21140099999866,19.092383785714315,20.68139134615376,0.49709007358761625,133.64668650000021,268.8580874999989
2023,1m,middle,2.0,24,20,7,13,0,35.0,-90.66250549999859,25.456511714285757,20.68139134615376,0.6627867647834884,178.1955820000003,268.8580874999989
2023,1m,middle,2.5,24,20,7,13,0,35.0,-46.113609999998516,31.820639642857195,20.68139134615376,0.8284834559793605,222.74447750000036,268.8580874999989
2023,1m,middle,3.0,24,20,5,15,0,25.0,-192.41337050000038,24.831376199999795,21.10468343333329,0.39219377187751714,124.15688099999898,316.57025149999936
2023,1m,middle,3.5,24,20,5,15,0,25.0,-171.72055700000055,28.96993889999976,21.10468343333329,0.45755940052377,144.8496944999988,316.57025149999936
2023,1m,middle,4.0,24,20,4,16,0,20.0,-268.5894159999971,17.87329250000039,21.255161624999914,0.21022296625326722,71.49317000000156,340.0825859999986
2023,1m,middle,4.5,24,20,4,16,0,20.0,-259.6527697499969,20.107454062500437,21.255161624999914,0.2365008370349256,80.42981625000175,340.0825859999986
2023,1m,middle,5.0,24,20,4,16,0,20.0,-250.71612349999668,22.341615625000486,21.255161624999914,0.262778707816584,89.36646250000194,340.0825859999986
2023,1m,middle,10.0,24,20,3,17,0,15.0,-209.29029549998813,45.05017666666996,20.261225029411648,0.39237662900099707,135.1505300000099,344.440825499998
2023,1m,edge,1.5,24,20,8,12,0,40.0,-93.00108549999914,22.15505193750016,22.52012508333337,0.6558593511512542,177.2404155000013,270.2415010000004
2023,1m,edge,2.0,24,20,8,12,0,40.0,-33.920946999998705,29.540069250000215,22.52012508333337,0.874479134868339,236.32055400000172,270.2415010000004
2023,1m,edge,2.5,24,20,7,13,0,35.0,-0.8281229999965944,39.548332142857625,21.358957538461535,0.9970175618769878,276.83832500000335,277.66644799999995
2023,1m,edge,3.0,24,20,6,14,0,30.0,-123.65920600000572,33.092821499999445,23.015438214285886,0.6162228002641618,198.55692899999667,322.2161350000024
2023,1m,edge,3.5,24,20,6,14,0,30.0,-90.56638450000628,38.60829174999935,23.015438214285886,0.7189266003081888,231.64975049999612,322.2161350000024
2023,1m,edge,4.0,24,20,5,15,0,25.0,-188.0976430000046,32.04866159999947,23.222730066666795,0.46001857530668694,160.24330799999734,348.34095100000195
2023,1m,edge,4.5,24,20,5,15,0,25.0,-168.06722950000494,36.0547442999994,23.222730066666795,0.5175208972200228,180.273721499997,348.34095100000195
2023,1m,edge,5.0,24,20,5,15,0,25.0,-148.03681600000527,40.060826999999335,23.222730066666795,0.5750232191333586,200.30413499999668,348.34095100000195
2023,1m,edge,10.0,24,20,3,17,0,15.0,-193.3462139999956,59.10774666666839,21.80408552941181,0.4783864386084665,177.32324000000517,370.66945400000077
2023,5m,middle,1.5,24,23,7,16,0,30.434782608695656,-263.1581867500063,46.50233046428496,36.79215625000006,0.552964861311292,325.5163132499947,588.674500000001
2023,5m,middle,2.0,24,23,7,16,0,30.434782608695656,-154.65274900000804,62.00310728571328,36.79215625000006,0.7372864817483893,434.02175099999295,588.674500000001
2023,5m,middle,2.5,24,23,4,19,0,17.391304347826086,-321.09881675001,86.53331406249777,35.117477526315845,0.5187599191593275,346.13325624999106,667.232073000001
2023,5m,middle,3.0,24,23,4,19,0,17.391304347826086,-251.87216550001176,103.83997687499732,35.117477526315845,0.6225119029911931,415.3599074999893,667.232073000001
2023,5m,middle,3.5,24,22,3,19,1,13.636363636363635,-379.9054862500125,95.77552891666285,35.117477526315845,0.4306246632571395,287.32658674998856,667.232073000001
2023,5m,middle,4.0,24,22,3,19,1,13.636363636363635,-338.8588310000141,109.45774733332898,35.117477526315845,0.4921424722938737,328.37324199998693,667.232073000001
2023,5m,middle,4.5,24,22,3,19,1,13.636363636363635,-297.81217575001574,123.1399657499951,35.117477526315845,0.553660281330608,369.4198972499853,667.232073000001
2023,5m,middle,5.0,24,21,2,19,2,9.523809523809524,-426.5413005000082,120.34538624999641,35.117477526315845,0.3607302200234497,240.69077249999282,667.232073000001
2023,5m,middle,10.0,24,20,0,20,3,0.0,-687.1320205000011,0.0,34.35660102500005,0.0,0.0,687.1320205000011
2023,5m,edge,1.5,24,23,7,16,0,30.434782608695656,-279.8444665000079,50.24481878571429,39.472387375000494,0.5568983707499837,351.7137315,631.5581980000079
2023,5m,edge,2.0,24,23,6,17,0,26.08695652173913,-279.7557310000102,65.14203199999974,39.44752488235345,0.5828326486980582,390.85219199999847,670.6079230000087
2023,5m,edge,2.5,24,23,4,19,0,17.391304347826086,-330.88824350000687,95.56174562500019,37.53343294736882,0.536009116593543,382.24698250000074,713.1352260000076
2023,5m,edge,3.0,24,23,4,19,0,17.391304347826086,-254.43884700000672,114.67409475000022,37.53343294736882,0.6432109399122516,458.6963790000009,713.1352260000076
2023,5m,edge,3.5,24,22,3,19,1,13.636363636363635,-384.50359400000707,109.54387733333351,37.53343294736882,0.46082653053517375,328.63163200000054,713.1352260000076
2023,5m,edge,4.0,24,22,3,19,1,13.636363636363635,-337.556218000007,125.19300266666687,37.53343294736882,0.5266588920401986,375.5790080000006,713.1352260000076
2023,5m,edge,4.5,24,22,3,19,1,13.636363636363635,-290.6088420000069,140.84212800000023,37.53343294736882,0.5924912535452234,422.5263840000007,713.1352260000076
2023,5m,edge,5.0,24,21,2,19,2,9.523809523809524,-417.61206100000345,147.76158250000208,37.53343294736882,0.41439989811974454,295.52316500000416,713.1352260000076
2023,5m,edge,10.0,24,20,0,20,3,0.0,-742.9155670000073,0.0,37.14577835000036,0.0,0.0,742.9155670000073
2023,15m,middle,1.5,20,17,7,10,0,41.17647058823529,-190.1874885000052,61.750272642856935,62.243939700000375,0.6944481833626542,432.25190849999854,622.4393970000037
2023,15m,middle,2.0,20,17,7,10,0,41.17647058823529,-46.10351900000569,82.33369685714258,62.243939700000375,0.9259309111502056,576.335877999998,622.4393970000037
2023,15m,middle,2.5,20,17,7,10,0,41.17647058823529,97.98045049999382,102.91712107142823,62.243939700000375,1.1574136389377572,720.4198474999976,622.4393970000037
2023,15m,middle,3.0,20,16,5,11,1,31.25,-147.16743050000332,106.10373509999991,61.60782781818207,0.7828383536315223,530.5186754999995,677.6861060000028
2023,15m,middle,3.5,20,16,5,11,1,31.25,-58.7476512500034,123.78769094999988,61.60782781818207,0.9133114125701093,618.9384547499994,677.6861060000028
2023,15m,middle,4.0,20,15,4,11,2,26.666666666666668,-158.15391800000543,129.88304699999935,61.60782781818207,0.7666265892132592,519.5321879999974,677.6861060000028
2023,15m,middle,4.5,20,14,3,11,3,21.428571428571427,-398.8087962500049,92.95910324999932,61.60782781818207,0.411513984543748,278.87730974999795,677.6861060000028
2023,15m,middle,5.0,20,14,3,11,3,21.428571428571427,-367.8224285000051,103.28789249999924,61.60782781818207,0.4572377606041645,309.8636774999977,677.6861060000028
2023,15m,middle,10.0,20,12,1,11,5,8.333333333333332,-628.8122859999949,48.87382000000798,61.60782781818207,0.07211866905237656,48.87382000000798,677.6861060000028
2023,15m,edge,1.5,20,17,7,10,0,41.17647058823529,-197.4027184999968,67.279821214286,66.83614669999989,0.7046467693805616,470.958748500002,668.3614669999988
2023,15m,edge,2.0,20,17,7,10,0,41.17647058823529,-40.41646899999614,89.70642828571467,66.83614669999989,0.9395290258407488,627.9449980000027,668.3614669999988
2023,15m,edge,2.5,20,16,5,11,1,31.25,-261.11175049999474,94.0857145000009,66.50366572727266,0.6430658129285445,470.4285725000045,731.5403229999993
2023,15m,edge,3.0,20,16,5,11,1,31.25,-167.02603599999384,112.90285740000108,66.50366572727266,0.7716789755142534,564.5142870000054,731.5403229999993
2023,15m,edge,3.5,20,16,5,11,1,31.25,-72.94032149999293,131.72000030000126,66.50366572727266,0.9002921380999622,658.6000015000063,731.5403229999993
2023,15m,edge,4.0,20,14,3,11,3,21.428571428571427,-446.13773099998616,95.1341973333377,66.50366572727266,0.39013924868774924,285.4025920000131,731.5403229999993
2023,15m,edge,4.5,20,14,3,11,3,21.428571428571427,-410.4624069999845,107.02597200000491,66.50366572727266,0.4389066547737179,321.07791600001474,731.5403229999993
2023,15m,edge,5.0,20,14,3,11,3,21.428571428571427,-374.7870829999829,118.91774666667213,66.50366572727266,0.4876740608596865,356.7532400000164,731.5403229999993
2023,15m,edge,10.0,20,12,0,12,5,0.0,-741.3150870000009,0.0,61.77625725000007,0.0,0.0,741.3150870000009
2024,1m,middle,1.5,21,18,7,11,0,38.88888888888889,184.37270974999592,64.33594446428495,24.179900136363525,1.693185469637699,450.3516112499947,265.97890149999876
2024,1m,middle,2.0,21,18,6,12,0,33.33333333333333,280.75078749999375,94.1071218333321,23.65766195833324,1.9889353816762851,564.6427309999926,283.8919434999989
2024,1m,middle,2.5,21,18,5,13,0,27.77777777777778,291.89579950000007,122.58701549999932,24.69532907692281,1.9092214551392157,612.9350774999966,321.03927799999656
2024,1m,middle,3.0,21,18,5,13,0,27.77777777777778,414.4828149999994,147.10441859999918,24.69532907692281,2.291065746167059,735.522092999996,321.03927799999656
2024,1m,middle,3.5,21,18,4,14,0,22.22222222222222,494.13258999999925,206.17836924999892,23.612920499999746,2.4947403477685164,824.7134769999957,330.58088699999644
2024,1m,middle,4.0,21,18,4,14,0,22.22222222222222,611.9488009999986,235.63242199999877,23.612920499999746,2.8511318260211613,942.5296879999951,330.58088699999644
2024,1m,middle,4.5,21,17,3,14,1,17.647058823529413,399.03219300000274,243.20435999999972,23.612920499999746,2.2070637132751325,729.6130799999992,330.58088699999644
2024,1m,middle,5.0,21,16,2,14,2,12.5,-175.85208700000294,77.36439999999675,23.612920499999746,0.46805125790589086,154.7287999999935,330.58088699999644
2024,1m,middle,10.0,21,16,1,15,2,6.25,-201.2534020000203,145.70294999997714,23.130423466666496,0.41994605131189017,145.70294999997714,346.9563519999974
2024,1m,edge,1.5,21,18,7,11,0,38.88888888888889,337.47430499999973,89.85557999999999,26.501341363636378,2.1576577144439897,628.9890599999999,291.51475500000015
2024,1m,edge,2.0,21,18,6,12,0,33.33333333333333,489.14546199999677,133.331806333333,25.903781333333427,2.5735973566484547,799.9908379999979,310.8453760000011
2024,1m,edge,2.5,21,18,5,13,0,27.77777777777778,557.7394340000028,181.2257470000004,26.799176999999943,2.6009086168808726,906.128735000002,348.38930099999925
2024,1m,edge,3.0,21,17,3,14,1,17.647058823529413,-19.848476000002847,112.95202599999902,25.621753857142853,0.9446662280178276,338.85607799999707,358.7045539999999
2024,1m,edge,3.5,21,17,3,14,1,17.647058823529413,36.627536999996664,131.77736366666554,25.621753857142853,1.1021105993541322,395.3320909999966,358.7045539999999
2024,1m,edge,4.0,21,16,2,14,2,12.5,-210.16490599999452,74.2698240000027,25.621753857142853,0.41410025700427944,148.5396480000054,358.7045539999999
2024,1m,edge,4.5,21,16,2,14,2,12.5,-191.59744999999384,83.55355200000304,25.621753857142853,0.4658627891298144,167.10710400000607,358.7045539999999
2024,1m,edge,5.0,21,16,2,14,2,12.5,-173.02999399999317,92.83728000000337,25.621753857142853,0.5176253212553493,185.67456000000675,358.7045539999999
2024,1m,edge,10.0,21,16,1,15,2,6.25,-205.78092699999615,172.78049000000465,25.237427800000052,0.456413364492463,172.78049000000465,378.5614170000008
2024,5m,middle,1.5,43,38,17,21,1,44.73684210526316,965.4188572500061,100.80841583823563,35.63448628571426,2.290107739090509,1713.7430692500056,748.3242119999995
2024,5m,middle,2.0,43,37,16,21,2,43.24324324324324,1391.2499330000064,133.72338406250037,35.63448628571426,2.859153974560972,2139.574145000006,748.3242119999995
2024,5m,middle,2.5,43,36,15,21,3,41.66666666666667,1319.806329250012,137.87536941666744,35.63448628571426,2.7636825163289154,2068.1305412500114,748.3242119999995
2024,5m,middle,3.0,43,33,8,25,6,24.242424242424242,260.85888250001517,151.09542225000177,37.91617981999996,1.2751953216156209,1208.7633780000142,947.904495499999
2024,5m,middle,3.5,43,33,8,25,6,24.242424242424242,462.31944550001754,176.27799262500207,37.91617981999996,1.4877278752182244,1410.2239410000166,947.904495499999
2024,5m,middle,4.0,43,31,5,26,8,16.129032258064516,-182.47943749997285,168.53297680000543,39.42862775,0.8219963436631368,842.6648840000271,1025.1443215
2024,5m,middle,4.5,43,31,5,26,8,16.129032258064516,-77.14632699996946,189.5995989000061,39.42862775,0.9247458866210289,947.9979945000305,1025.1443215
2024,5m,middle,5.0,43,31,5,26,8,16.129032258064516,28.186783500033926,210.66622100000677,39.42862775,1.027495429578921,1053.3311050000339,1025.1443215
2024,5m,middle,10.0,43,28,1,27,11,3.571428571428571,-708.6762374999926,320.96278000000893,38.13477842592598,0.31172359880001194,320.96278000000893,1029.6390175000015
2024,5m,edge,1.5,43,37,16,21,3,43.24324324324324,488.8161135000046,81.77811571875054,39.03017800000019,1.5963835928627943,1308.4498515000087,819.6337380000041
2024,5m,edge,2.0,43,37,16,21,3,43.24324324324324,924.9660640000075,109.03748762500072,39.03017800000019,2.1285114571503922,1744.5998020000116,819.6337380000041
2024,5m,edge,2.5,43,36,13,23,4,36.11111111111111,807.5121405000064,131.16853826923173,39.029515521739405,1.8995557088184831,1705.1909975000126,897.6788570000062
2024,5m,edge,3.0,43,34,9,25,6,26.47058823529412,247.86424300002545,142.3717776666696,41.33927024000004,1.2398341737152303,1281.3459990000265,1033.481756000001
2024,5m,edge,3.5,43,32,7,25,8,21.875,47.13553350003713,154.37389850000545,41.33927024000004,1.0456084814525135,1080.6172895000382,1033.481756000001
2024,5m,edge,4.0,43,32,6,26,8,18.75,-188.60387799995442,153.81675666667434,42.75016992307694,0.8303165736944877,922.900540000046,1111.5044180000004
2024,5m,edge,4.5,43,32,6,26,8,18.75,-73.24131049994867,173.04385125000863,42.75016992307694,0.9341061454062987,1038.2631075000518,1111.5044180000004
2024,5m,edge,5.0,43,32,6,26,8,18.75,42.121257000057085,192.27094583334292,42.75016992307694,1.0378957171181096,1153.6256750000575,1111.5044180000004
2024,5m,edge,10.0,43,29,2,27,11,6.896551724137931,-698.4632109999475,209.69333000002734,41.401847074074155,0.3751726156437101,419.3866600000547,1117.8498710000022
2024,15m,middle,1.5,32,23,13,10,5,56.52173913043478,1064.0082859999984,119.31921369230804,48.71414920000061,3.184187353106816,1551.1497780000045,487.1414920000061
2024,15m,middle,2.0,32,21,10,11,7,47.61904761904761,1002.9188515000023,153.20950020000092,48.10692277272789,2.8952457523876816,1532.0950020000091,529.1761505000068
2024,15m,middle,2.5,32,19,8,11,9,42.10526315789473,769.5039970000107,162.33501843750219,48.10692277272789,2.454154720073691,1298.6801475000175,529.1761505000068
2024,15m,middle,3.0,32,19,7,12,9,36.84210526315789,866.8301445000216,205.22982364286094,47.48155175000041,2.521345506047013,1436.6087655000265,569.7786210000049
2024,15m,middle,3.5,32,17,5,12,11,29.411764705882355,447.9178682500169,203.53929785000437,47.48155175000041,1.7861261404716922,1017.6964892500218,569.7786210000049
2024,15m,middle,4.0,32,16,4,12,12,25.0,-48.47352899998077,130.32627300000604,47.48155175000041,0.9149256795298742,521.3050920000242,569.7786210000049
2024,15m,middle,4.5,32,16,4,12,12,25.0,16.689607500022248,146.6170571250068,47.48155175000041,1.0292913894711084,586.4682285000272,569.7786210000049
2024,15m,middle,5.0,32,16,4,12,12,25.0,81.85274400002527,162.90784125000755,47.48155175000041,1.1436570994123427,651.6313650000302,569.7786210000049
2024,15m,middle,10.0,32,14,1,13,14,7.142857142857142,-590.1468570000034,14.740170000004582,46.52977130769292,0.024368467733734994,14.740170000004582,604.887027000008
2024,15m,edge,1.5,32,23,12,11,7,52.17391304347826,1187.0335455000022,137.25992212500023,41.825956363636415,3.5800280467422683,1647.1190655000028,460.08552000000054
2024,15m,edge,2.0,32,22,10,12,8,45.45454545454545,1307.6590030000007,181.18422320000028,42.0152690833335,3.5936186048742913,1811.8422320000027,504.18322900000203
2024,15m,edge,2.5,32,19,7,12,11,36.84210526315789,446.95017600000756,135.87620071428708,42.0152690833335,1.886483623992193,951.1334050000096,504.18322900000203
2024,15m,edge,3.0,32,18,5,13,12,27.77777777777778,152.50594800002,140.02113600000376,42.12305630769221,1.2784989456496307,700.1056800000188,547.5997319999988
2024,15m,edge,3.5,32,17,4,13,13,23.52941176470588,-57.46836299997631,122.53284225000561,42.12305630769221,0.8950540702602527,490.13136900002246,547.5997319999988
2024,15m,edge,4.0,32,17,4,13,13,23.52941176470588,12.550404000026901,140.03753400000642,42.12305630769221,1.0229189374402887,560.1501360000257,547.5997319999988
2024,15m,edge,4.5,32,17,4,13,13,23.52941176470588,82.56917100003011,157.54222575000722,42.12305630769221,1.150783804620325,630.1689030000289,547.5997319999988
2024,15m,edge,5.0,32,16,3,13,14,18.75,-36.354246999981115,170.41516166667256,42.12305630769221,0.9336116420890045,511.24548500001765,547.5997319999988
2024,15m,edge,10.0,32,14,1,13,16,7.142857142857142,-493.99911200000133,53.600619999997434,42.12305630769221,0.09788284556720264,53.600619999997434,547.5997319999988
2025,1m,middle,1.5,11,11,5,6,0,45.45454545454545,20.900050249998458,46.97957144999964,35.66630116666662,1.0976647870508247,234.8978572499982,213.99780699999974
2025,1m,middle,2.0,11,11,5,6,0,45.45454545454545,99.19933599999786,62.63942859999952,35.66630116666662,1.4635530494010995,313.1971429999976,213.99780699999974
2025,1m,middle,2.5,11,11,5,6,0,45.45454545454545,177.49862174999726,78.2992857499994,35.66630116666662,1.8294413117513746,391.496428749997,213.99780699999974
2025,1m,middle,3.0,11,11,4,7,0,36.36363636363637,111.38165350000054,90.37088099999983,35.728838642856964,1.44534514387009,361.4835239999993,250.10187049999877
2025,1m,middle,3.5,11,11,4,7,0,36.36363636363637,171.62890750000042,105.4326944999998,35.728838642856964,1.6862360011817714,421.7307779999992,250.10187049999877
2025,1m,middle,4.0,11,10,3,7,1,30.0,87.45990950000487,112.52059333333455,35.728838642856964,1.349697142708916,337.56178000000364,250.10187049999877
2025,1m,middle,4.5,11,10,3,7,1,30.0,129.65513200000532,126.58566750000136,35.728838642856964,1.5184092855475304,379.7570025000041,250.10187049999877
2025,1m,middle,5.0,11,10,3,7,1,30.0,171.85035450000578,140.65074166666818,35.728838642856964,1.6871214283861449,421.95222500000455,250.10187049999877
2025,1m,middle,10.0,11,9,1,8,2,11.11111111111111,-36.19861750002383,220.91647499997634,32.13938656250002,0.8592123972651515,220.91647499997634,257.1150925000002
2025,1m,edge,1.5,11,11,5,6,0,45.45454545454545,25.65983000000233,49.99785900000025,37.38824416666648,1.1143845727087276,249.98929500000122,224.3294649999989
2025,1m,edge,2.0,11,11,5,6,0,45.45454545454545,108.98959500000274,66.66381200000032,37.38824416666648,1.48584609694497,333.3190600000016,224.3294649999989
2025,1m,edge,2.5,11,11,5,6,0,45.45454545454545,192.31936000000314,83.3297650000004,37.38824416666648,1.8573076211812125,416.64882500000203,224.3294649999989
2025,1m,edge,3.0,11,11,4,7,0,36.36363636363637,115.07440900000074,94.88688825000008,37.781877714285656,1.435108106855647,379.54755300000033,264.4731439999996
2025,1m,edge,3.5,11,11,4,7,0,36.36363636363637,178.3323345000008,110.7013696250001,37.781877714285656,1.6742927913315881,442.8054785000004,264.4731439999996
2025,1m,edge,4.0,11,10,3,7,1,30.0,94.14429600000221,119.53914666666726,37.781877714285656,1.3559692094861713,358.6174400000018,264.4731439999996
2025,1m,edge,4.5,11,10,3,7,1,30.0,138.97147600000244,134.48154000000068,37.781877714285656,1.5254653606719428,403.44462000000203,264.4731439999996
2025,1m,edge,5.0,11,10,3,7,1,30.0,183.79865600000267,149.42393333333408,37.781877714285656,1.6949615118577142,448.27180000000226,264.4731439999996
2025,1m,edge,10.0,11,9,1,8,2,11.11111111111111,-41.8607490000104,229.75312999999005,33.95173487500006,0.8458814065241109,229.75312999999005,271.61387900000045
2025,5m,middle,1.5,35,29,13,16,2,44.827586206896555,77.18631774999085,94.84446490384569,72.2369828750002,1.066782203067952,1232.978043749994,1155.791726000003
2025,5m,middle,2.0,35,28,11,17,3,39.285714285714285,80.17328899999848,118.12449563636355,71.7174213529412,1.06575913821999,1299.369451999999,1219.1961630000005
2025,5m,middle,2.5,35,27,10,17,4,37.03703703703704,133.09393699999964,135.22901000000002,71.7174213529412,1.1091653181326486,1352.2901000000002,1219.1961630000005
2025,5m,middle,3.0,35,26,8,18,5,30.76923076923077,-41.65306099999725,155.24731312500035,71.31286477777778,0.9675506102348396,1241.9785050000028,1283.631566
2025,5m,middle,3.5,35,24,4,20,7,16.666666666666664,-549.907427999995,198.67000737500166,67.22937287500008,0.5910214505329087,794.6800295000066,1344.5874575000016
2025,5m,middle,4.0,35,24,4,20,7,16.666666666666664,-436.38170949999403,227.0514370000019,67.22937287500008,0.6754530863233242,908.2057480000076,1344.5874575000016
2025,5m,middle,4.5,35,23,3,20,8,13.043478260869565,-792.0825739999873,184.16829450000478,67.22937287500008,0.41091033567075624,552.5048835000143,1344.5874575000016
2025,5m,middle,5.0,35,23,3,20,8,13.043478260869565,-730.6931424999857,204.63143833333865,67.22937287500008,0.45656703963417355,613.8943150000159,1344.5874575000016
2025,5m,middle,10.0,35,21,1,20,10,4.761904761904762,-1178.8204075000067,165.76704999999492,67.22937287500008,0.12328469157982959,165.76704999999492,1344.5874575000016
2025,5m,edge,1.5,35,29,12,17,3,41.37931034482759,-39.26397000000907,98.69252624999945,71.97495794117661,0.9679104321810678,1184.3103149999934,1223.5742850000024
2025,5m,edge,2.0,35,29,11,18,3,37.93103448275862,131.2709309999991,129.9627530909089,72.12885294444439,1.1011083526535086,1429.590283999998,1298.319352999999
2025,5m,edge,2.5,35,26,8,18,6,30.76923076923077,-107.43159050000213,148.8609703124996,72.12885294444439,0.9172533396719673,1190.8877624999968,1298.319352999999
2025,5m,edge,3.0,35,25,5,20,7,20.0,-439.16318399999363,189.30611520000093,69.28468799999992,0.6830734202050573,946.5305760000047,1385.6937599999983
2025,5m,edge,3.5,35,24,4,20,8,16.666666666666664,-474.93091399999685,227.69071150000036,69.28468799999992,0.657261273948439,910.7628460000014,1385.6937599999983
2025,5m,edge,4.0,35,23,3,20,9,13.043478260869565,-804.3281959999913,193.78852133333567,69.28468799999992,0.4195483740938602,581.365564000007,1385.6937599999983
2025,5m,edge,4.5,35,23,3,20,9,13.043478260869565,-731.6575004999904,218.01208650000262,69.28468799999992,0.4719919208555927,654.0362595000079,1385.6937599999983
2025,5m,edge,5.0,35,23,3,20,9,13.043478260869565,-658.9868049999895,242.23565166666958,69.28468799999992,0.5244354676173252,726.7069550000087,1385.6937599999983
2025,5m,edge,10.0,35,21,1,20,11,4.761904761904762,-1130.6675299999952,255.02623000000312,69.28468799999992,0.18404227352514269,255.02623000000312,1385.6937599999983
2025,15m,middle,1.5,19,14,6,8,2,42.857142857142854,220.5491147499888,146.55052212499868,82.34425225000041,1.3347973731068579,879.3031327499921,658.7540180000033
2025,15m,middle,2.0,19,12,4,8,4,33.33333333333333,25.818088999989413,171.14302674999817,82.34425225000041,1.0391923059207653,684.5721069999927,658.7540180000033
2025,15m,middle,2.5,19,12,4,8,4,33.33333333333333,196.96111574998758,213.9287834374977,82.34425225000041,1.2989903824009565,855.7151337499909,658.7540180000033
2025,15m,middle,3.0,19,10,2,8,6,20.0,-31.07582000000548,313.8390989999989,82.34425225000041,0.9528263674286912,627.6781979999978,658.7540180000033
2025,15m,middle,3.5,19,10,2,8,6,20.0,73.53721299999415,366.1456154999987,82.34425225000041,1.1116307620001398,732.2912309999974,658.7540180000033
2025,15m,middle,4.0,19,10,2,8,6,20.0,178.15024599999379,418.4521319999985,82.34425225000041,1.2704351565715883,836.904263999997,658.7540180000033
2025,15m,middle,4.5,19,8,0,8,8,0.0,-658.7540180000033,0.0,82.34425225000041,0.0,0.0,658.7540180000033
2025,15m,middle,5.0,19,8,0,8,8,0.0,-658.7540180000033,0.0,82.34425225000041,0.0,0.0,658.7540180000033
2025,15m,middle,10.0,19,8,0,8,8,0.0,-658.7540180000033,0.0,82.34425225000041,0.0,0.0,658.7540180000033
2025,15m,edge,1.5,19,13,6,7,3,46.15384615384615,337.45530500000496,157.88117750000038,87.11882285714248,1.5533580359934132,947.2870650000023,609.8317599999973
2025,15m,edge,2.0,19,11,4,7,5,36.36363636363637,155.35587800000576,191.29690950000077,87.11882285714248,1.2547520286578817,765.1876380000031,609.8317599999973
2025,15m,edge,2.5,19,10,3,7,6,30.0,191.02778750000653,266.9531825000013,87.11882285714248,1.3132467018444682,800.8595475000038,609.8317599999973
2025,15m,edge,3.0,19,9,2,7,7,22.22222222222222,115.55546300000788,362.6936115000026,87.11882285714248,1.1894874465049317,725.3872230000052,609.8317599999973
2025,15m,edge,3.5,19,9,2,7,7,22.22222222222222,236.45333350000874,423.142546750003,87.11882285714248,1.3877353542557538,846.285093500006,609.8317599999973
2025,15m,edge,4.0,19,7,0,7,9,0.0,-609.8317599999973,0.0,87.11882285714248,0.0,0.0,609.8317599999973
2025,15m,edge,4.5,19,7,0,7,9,0.0,-609.8317599999973,0.0,87.11882285714248,0.0,0.0,609.8317599999973
2025,15m,edge,5.0,19,7,0,7,9,0.0,-609.8317599999973,0.0,87.11882285714248,0.0,0.0,609.8317599999973
2025,15m,edge,10.0,19,7,0,7,9,0.0,-609.8317599999973,0.0,87.11882285714248,0.0,0.0,609.8317599999973
