year,timeframe,rr_ratio,min_ticks_required,total_body_candles,total_trades,wins,losses,no_exit,win_rate,total_pnl,avg_win,avg_loss,profit_factor,gross_profit,gross_loss
2018,5m,1.5,50,2,2,2,0,0,100.0,120.3307655399999,60.16538276999995,0.0,0.0,120.3307655399999,0.0
2018,5m,2.0,50,2,2,1,1,0,50.0,64.68777443999988,96.60552319999988,31.917748759999995,3.0267022880093593,96.60552319999988,31.917748759999995
2018,5m,2.5,50,2,2,1,1,0,50.0,88.83915523999985,120.75690399999985,31.917748759999995,3.7833778600116994,120.75690399999985,31.917748759999995
2018,5m,3.0,50,2,2,1,1,0,50.0,112.99053603999982,144.90828479999982,31.917748759999995,4.540053432014039,144.90828479999982,31.917748759999995
2018,5m,3.5,50,2,2,0,2,0,0.0,-80.22051035999993,0.0,40.11025517999997,0.0,0.0,80.22051035999993
2018,5m,4.0,50,2,2,0,2,0,0.0,-80.22051035999993,0.0,40.11025517999997,0.0,0.0,80.22051035999993
2018,5m,4.5,50,2,2,0,2,0,0.0,-80.22051035999993,0.0,40.11025517999997,0.0,0.0,80.22051035999993
2018,5m,5.0,50,2,2,0,2,0,0.0,-80.22051035999993,0.0,40.11025517999997,0.0,0.0,80.22051035999993
2018,5m,10.0,50,2,2,0,2,0,0.0,-80.22051035999993,0.0,40.11025517999997,0.0,0.0,80.22051035999993
2018,15m,1.5,75,6,6,0,6,0,0.0,-331.64876551999896,0.0,55.27479425333316,0.0,0.0,331.64876551999896
2018,15m,2.0,75,6,6,0,6,0,0.0,-331.64876551999896,0.0,55.27479425333316,0.0,0.0,331.64876551999896
2018,15m,2.5,75,6,6,0,6,0,0.0,-331.64876551999896,0.0,55.27479425333316,0.0,0.0,331.64876551999896
2018,15m,3.0,75,6,6,0,6,0,0.0,-331.64876551999896,0.0,55.27479425333316,0.0,0.0,331.64876551999896
2018,15m,3.5,75,6,6,0,6,0,0.0,-331.64876551999896,0.0,55.27479425333316,0.0,0.0,331.64876551999896
2018,15m,4.0,75,6,6,0,6,0,0.0,-331.64876551999896,0.0,55.27479425333316,0.0,0.0,331.64876551999896
2018,15m,4.5,75,6,6,0,6,0,0.0,-331.64876551999896,0.0,55.27479425333316,0.0,0.0,331.64876551999896
2018,15m,5.0,75,6,6,0,6,0,0.0,-331.64876551999896,0.0,55.27479425333316,0.0,0.0,331.64876551999896
2018,15m,10.0,75,6,6,0,6,0,0.0,-331.64876551999896,0.0,55.27479425333316,0.0,0.0,331.64876551999896
2020,5m,1.5,50,29,29,14,15,0,48.275862068965516,173.39517009000792,64.36240267500067,48.511897824000094,1.2382854211958216,901.0736374500093,727.6784673600014
2020,5m,2.0,50,29,29,10,19,0,34.48275862068966,-41.94866171999456,85.76303759600087,47.346265141052804,0.9533685646697823,857.6303759600087,899.5790376800032
2020,5m,2.5,50,29,29,6,23,0,20.689655172413794,-565.9813237799945,90.76344070000157,48.28530295565234,0.4903649322608667,544.5806442000094,1110.5619679800038
2020,5m,3.0,50,29,29,5,24,0,17.24137931034483,-614.2350638999942,107.12387426400201,47.91060146750018,0.46581493701637877,535.61937132001,1149.8544352200042
2020,5m,3.5,50,29,29,4,25,0,13.793103448275861,-681.4421702699883,125.79623299250375,47.385084089600134,0.42476229947681093,503.184931970015,1184.6271022400033
2020,5m,4.0,50,29,29,2,27,0,6.896551724137931,-984.3158384599919,137.63135488000626,46.651057341481646,0.21853556504991678,275.2627097600125,1259.5785482200044
2020,5m,4.5,50,29,29,1,28,0,3.4482758620689653,-1135.3888243899955,157.91351013000985,46.18936909000019,0.12210100137847325,157.91351013000985,1293.3023345200054
2020,5m,5.0,50,29,29,1,28,0,3.4482758620689653,-1117.8428788199944,175.45945570001095,46.18936909000019,0.13566777930941473,175.45945570001095,1293.3023345200054
2020,5m,10.0,50,29,29,1,28,0,3.4482758620689653,-942.3834231199835,350.9189114000219,46.18936909000019,0.27133555861882946,350.9189114000219,1293.3023345200054
2020,15m,1.5,75,33,33,10,23,0,30.303030303030305,-493.72850168000014,101.14317457200009,65.44174988695657,0.6719761217897816,1011.4317457200009,1505.160247400001
2020,15m,2.0,75,33,33,8,25,0,24.242424242424242,-689.9311228399974,124.12641292000035,67.31769704800001,0.590044726367837,993.0113033600028,1682.9424262000002
2020,15m,2.5,75,33,33,8,25,0,24.242424242424242,-441.67829699999675,155.15801615000044,67.31769704800001,0.7375559079597962,1241.2641292000035,1682.9424262000002
2020,15m,3.0,75,33,33,8,25,0,24.242424242424242,-193.42547115999605,186.18961938000052,67.31769704800001,0.8850670895517554,1489.5169550400042,1682.9424262000002
2020,15m,3.5,75,33,33,7,26,0,21.21212121212121,-171.8209886599907,223.06967658000121,66.66572018153843,0.900871099181857,1561.4877360600085,1733.3087247199992
2020,15m,4.0,75,33,33,5,28,0,15.151515151515152,-703.1883891799907,236.20155019200175,67.29271929071426,0.6267966088032945,1181.0077509600087,1884.1961401399994
2020,15m,4.5,75,33,33,5,28,0,15.151515151515152,-555.5624203099896,265.72674396600195,67.29271929071426,0.7051461849037063,1328.6337198300098,1884.1961401399994
2020,15m,5.0,75,33,33,5,28,0,15.151515151515152,-407.93645143998856,295.2519377400022,67.29271929071426,0.7834957610041181,1476.2596887000109,1884.1961401399994
2020,15m,10.0,75,33,33,2,31,0,6.0606060606060606,-697.5313609399846,673.5985077000078,65.95897988193549,0.6588635590862469,1347.1970154000155,2044.72837634
2021,5m,1.5,50,27,27,8,19,0,29.629629629629626,-376.85565914999825,59.06228938124991,44.70284074736829,0.5563031779477375,472.4983150499993,849.3539741999975
2021,5m,2.0,50,27,27,7,20,0,25.925925925925924,-316.19850968000173,80.77660392571384,44.08173685799993,0.641349760447769,565.4362274799969,881.6347371599986
2021,5m,2.5,50,27,27,7,20,0,25.925925925925924,-174.8394528100025,100.97075490714231,44.08173685799993,0.8016872005597112,706.7952843499961,881.6347371599986
2021,5m,3.0,50,27,27,7,20,0,25.925925925925924,-33.48039594000329,121.16490588857076,44.08173685799993,0.9620246406716535,848.1543412199953,881.6347371599986
2021,5m,3.5,50,27,27,7,20,0,25.925925925925924,107.87866092999593,141.35905686999922,44.08173685799993,1.1223620807835957,989.5133980899946,881.6347371599986
2021,5m,4.0,50,27,27,7,20,0,25.925925925925924,249.23771779999515,161.5532078514277,44.08173685799993,1.282699520895538,1130.8724549599938,881.6347371599986
2021,5m,4.5,50,27,27,7,20,0,25.925925925925924,390.5967746699944,181.74735883285615,44.08173685799993,1.4430369610074802,1272.231511829993,881.6347371599986
2021,5m,5.0,50,27,27,7,20,0,25.925925925925924,531.9558315399936,201.94150981428461,44.08173685799993,1.6033744011194224,1413.5905686999922,881.6347371599986
2021,5m,10.0,50,27,27,3,24,0,11.11111111111111,168.35547813997982,403.851008799993,43.4665645108333,1.1613840814913612,1211.553026399979,1043.1975482599992
2021,15m,1.5,75,38,38,18,20,0,47.368421052631575,300.31646352999724,90.18585951166688,66.15145038400033,1.22699159412734,1623.3454712100038,1323.0290076800065
2021,15m,2.0,75,38,38,14,24,0,36.84210526315789,113.58753997998974,119.9450886571428,65.2351542175004,1.0725500571371878,1679.2312411999992,1565.6437012200095
2021,15m,2.5,75,38,38,14,24,0,36.84210526315789,533.3953502799895,149.9313608214285,65.2351542175004,1.3406875714214845,2099.039051499999,1565.6437012200095
2021,15m,3.0,75,38,38,13,25,0,34.21052631578947,759.7589416199808,182.59720750615327,64.56019023840047,1.4707290600070602,2373.7636975799924,1614.0047559600116
2021,15m,3.5,75,38,38,12,26,0,31.57894736842105,810.2381173399726,208.4118710566655,65.02708982076973,1.4792311112025556,2500.9424526799858,1690.7043353400131
2021,15m,4.0,75,38,38,11,27,0,28.947368421052634,852.758462179976,236.94674792727164,64.9502135192597,1.4862747177581026,2606.414227199988,1753.655765020012
2021,15m,4.5,75,38,38,10,28,0,26.31578947368421,830.7060054999947,264.76079950800033,64.88935677071458,1.4572101358598981,2647.607995080003,1816.9019895800084
2021,15m,5.0,75,38,38,10,28,0,26.31578947368421,1124.884671619995,294.17866612000034,64.88935677071458,1.6191223731776645,2941.7866612000034,1816.9019895800084
2021,15m,10.0,75,38,38,7,31,0,18.421052631578945,1986.2221765400227,570.3222725142898,64.71076551806472,1.9901240172519359,3992.255907600029,2006.0337310600062
2022,5m,1.5,50,80,80,37,43,0,46.25,612.6655863000124,65.80130532972996,42.3716909511627,1.336263117446036,2434.6482972000085,1821.9827108999962
2022,5m,2.0,50,80,80,30,50,0,37.5,396.3504539600144,85.36515621466702,43.29208464959993,1.183105275325972,2560.954686440011,2164.6042324799964
2022,5m,2.5,50,80,80,26,54,0,32.5,533.0324317899931,109.28884635961525,42.74958469555562,1.2309021486260232,2841.5100053499964,2308.4775735600033
2022,5m,3.0,50,80,80,25,55,0,31.25,911.6108956599928,130.70077414079984,42.83469923381824,1.3869466543229176,3267.519353519996,2355.908457860003
2022,5m,3.5,50,80,80,20,60,0,25.0,405.68167796001035,149.75190430900048,43.15594013699999,1.1566727842764943,2995.0380861800095,2589.356408219999
2022,5m,4.0,50,80,80,18,62,0,22.5,391.8573183000026,170.5306175111113,43.18860962741937,1.1463413474511763,3069.5511152000036,2677.693796900001
2022,5m,4.5,50,80,80,18,62,0,22.5,775.551207700003,191.84694470000022,43.18860962741937,1.2896340158825734,3453.245004600004,2677.693796900001
2022,5m,5.0,50,80,80,17,63,0,21.25,850.5538854200022,210.57036574117666,43.319719558412714,1.3116561109293965,3579.6962176000034,2729.142332180001
2022,5m,10.0,50,80,80,8,72,0,10.0,504.52719399999296,448.8191783749994,42.861475458333366,1.1634876556151403,3590.5534269999953,3086.0262330000023
2022,15m,1.5,75,80,80,30,50,0,37.5,-782.7532305099767,96.1999288050004,73.37502189319977,0.7866431354121285,2885.997864150012,3668.7510946599887
2022,15m,2.0,75,80,80,28,52,0,35.0,-138.43934031997378,129.8645316771434,72.58935052461517,0.9633238899795562,3636.2068869600153,3774.646227279989
2022,15m,2.5,75,80,80,23,57,0,28.749999999999996,-523.7158242399692,157.42341138260954,72.70972431649103,0.8736345515972918,3620.7384618000196,4144.454286039989
2022,15m,3.0,75,80,80,20,60,0,25.0,-503.3577823599662,190.85219581500115,72.00669497766648,0.8834928283367524,3817.043916300023,4320.401698659989
2022,15m,3.5,75,80,80,19,61,0,23.75,-173.67283713996585,221.83355459263285,71.94279302295065,0.9604255607658873,4214.837537260024,4388.51037439999
2022,15m,4.0,75,80,80,17,63,0,21.25,-136.00412785997105,256.7880255482365,71.45080257428558,0.9697862640790835,4365.3964343200205,4501.4005621799915
2022,15m,4.5,75,80,80,16,64,0,20.0,-15.471380769978168,285.20173073812595,71.5421730090624,0.9966210094778601,4563.227691810015,4578.699072579993
2022,15m,5.0,75,80,80,15,65,0,18.75,133.1885728400157,318.1076802000007,71.36040969476915,1.0287141704417606,4771.61520300001,4638.426630159995
2022,15m,10.0,75,80,80,7,73,0,8.75,-201.2085529399992,700.2001451714283,69.89876122109585,0.9605675193812817,4901.401016199998,5102.609569139997
2023,5m,1.5,50,23,23,9,14,0,39.130434782608695,-27.34348434000458,62.83043463999942,42.34409972142852,0.9538753678284566,565.4739117599947,592.8173960999993
2023,5m,2.0,50,23,23,8,15,0,34.78260869565217,54.77867021999555,85.38155617999928,41.88491861466658,1.087189171395953,683.0524494399942,628.2737792199987
2023,5m,2.5,50,23,23,8,15,0,34.78260869565217,225.5417825799941,106.7269452249991,41.88491861466658,1.3589864642449412,853.8155617999928,628.2737792199987
2023,5m,3.0,50,23,23,7,16,0,30.434782608695656,241.92763357999138,129.82796116285576,41.67925590999994,1.3627818387976947,908.7957281399904,666.868094559999
2023,5m,3.5,50,23,23,7,16,0,30.434782608695656,393.3935882699898,151.4659546899984,41.67925590999994,1.589912145263977,1060.2616828299888,666.868094559999
2023,5m,4.0,50,23,23,6,17,0,26.08695652173913,323.48829185999784,172.43843943999914,41.831902634117476,1.4548854307924441,1034.630636639995,711.1423447799971
2023,5m,4.5,50,23,23,4,19,0,17.391304347826086,20.127345129995774,202.48513958249828,41.56911648421038,1.0254836773981637,809.9405583299931,789.8132131999973
2023,5m,5.0,50,23,23,4,19,0,17.391304347826086,110.12074049999501,224.9834884249981,41.56911648421038,1.1394263082201819,899.9339536999923,789.8132131999973
2023,5m,10.0,50,23,23,3,20,0,13.043478260869565,631.9732374799842,485.3858307333273,41.209212735999884,1.7667863513052504,1456.1574921999818,824.1842547199976
2023,15m,1.5,75,23,23,7,16,0,30.434782608695656,-237.1362879999897,100.34520827142907,58.72204661874957,0.7476072641639315,702.4164579000035,939.5527458999932
2023,15m,2.0,75,23,23,7,16,0,30.434782608695656,-2.9974686999885307,133.7936110285721,58.72204661874957,0.9968096855519087,936.5552772000046,939.5527458999932
2023,15m,2.5,75,23,23,7,16,0,30.434782608695656,231.14135060001263,167.2420137857151,58.72204661874957,1.246012106939886,1170.6940965000058,939.5527458999932
2023,15m,3.0,75,23,23,5,18,0,21.73913043478261,-60.59598881999227,202.0851593520005,59.501210309999706,0.943422263080132,1010.4257967600024,1071.0217855799947
2023,15m,3.5,75,23,23,5,18,0,21.73913043478261,107.80831064000813,235.76601924400057,59.501210309999706,1.1006593069268207,1178.8300962200028,1071.0217855799947
2023,15m,4.0,75,23,23,5,18,0,21.73913043478261,276.21261010000853,269.44687913600063,59.501210309999706,1.2578963507735093,1347.2343956800032,1071.0217855799947
2023,15m,4.5,75,23,23,5,18,0,21.73913043478261,444.61690956000893,303.12773902800075,59.501210309999706,1.4151333946201978,1515.6386951400036,1071.0217855799947
2023,15m,5.0,75,23,23,5,18,0,21.73913043478261,613.0212090200093,336.8085989200008,59.501210309999706,1.5723704384668866,1684.042994600004,1071.0217855799947
2023,15m,10.0,75,23,23,2,21,0,8.695652173913043,-256.548017979987,523.3101666000039,62.05563577047594,0.8031351684165077,1046.6203332000077,1303.1683511799947
2024,5m,1.5,50,32,32,19,13,0,59.375,677.0958347000142,65.87378642210551,44.192777486153105,2.178570299032318,1251.6019420200046,574.5061073199904
2024,5m,2.0,50,32,32,16,16,0,50.0,690.4098488200143,87.47155211750032,44.32093656624943,1.9735943979150987,1399.5448338800052,709.1349850599909
2024,5m,2.5,50,32,32,16,16,0,50.0,1040.2960572900156,109.3394401468754,44.32093656624943,2.4669929973938736,1749.4310423500065,709.1349850599909
2024,5m,3.0,50,32,32,15,17,0,46.875,1153.797913440012,128.13526577200028,45.190063125881885,2.501889149997659,1922.0289865800041,768.2310731399921
2024,5m,3.5,50,32,32,14,18,0,43.75,1330.238290150015,152.17476067500047,44.45601996111064,2.662364901203587,2130.4466494500066,800.2083592999916
2024,5m,4.0,50,32,32,13,19,0,40.625,1433.8013971000255,174.93592609846272,44.229770641052085,2.7061637519837274,2274.167039280015,840.3656421799897
2024,5m,4.5,50,32,32,13,19,0,40.625,1718.0722770100274,196.80291686077055,44.229770641052085,3.0444342209816933,2558.437919190017,840.3656421799897
2024,5m,5.0,50,32,32,13,19,0,40.625,2002.3431569200293,218.6699076230784,44.229770641052085,3.382704689979659,2842.708799100019,840.3656421799897
2024,5m,10.0,50,32,32,7,25,0,21.875,1997.1119259200386,442.34017245714705,43.97077125119962,2.816763153423699,3096.381207200029,1099.2692812799905
2024,15m,1.5,75,40,40,20,20,0,50.0,865.2563720800099,102.72075674399966,59.45793813999917,1.7276205660232318,2054.4151348799933,1189.1587627999834
2024,15m,2.0,75,40,40,18,22,0,45.0,1057.0192057000058,133.9180762377772,61.52300757181745,1.7809489397236096,2410.52537227999,1353.506166579984
2024,15m,2.5,75,40,40,13,27,0,32.5,657.9044610500059,176.7402919653838,60.7303457222216,1.401229922223627,2297.623795549989,1639.7193344999832
2024,15m,3.0,75,40,40,11,29,0,27.500000000000004,657.9878204800043,219.3243186272716,60.50274773862011,1.3750116488425645,2412.5675048999874,1754.579684419983
2024,15m,3.5,75,40,40,10,30,0,25.0,629.711969920012,247.9929528719993,61.67391862666603,1.340344824274845,2479.929528719993,1850.217558799981
2024,15m,4.0,75,40,40,9,31,0,22.5,646.0083306800043,284.86908296888737,61.86494890451556,1.3368462882139607,2563.8217467199865,1917.8134160399823
2024,15m,4.5,75,40,40,8,32,0,20.0,671.299388790012,330.34788833624907,61.60886618437439,1.340504657834597,2642.7831066899926,1971.4837178999805
2024,15m,5.0,75,40,40,7,32,1,17.5,439.0201976000135,344.35770221428487,61.60886618437439,1.2226851754411934,2410.503915499994,1971.4837178999805
2024,15m,10.0,75,40,40,6,33,1,15.0,2229.493573839991,709.5572840666622,61.45000395636309,2.099437054169445,4257.343704399973,2027.850130559982
2025,1m,1.5,25,72,72,34,38,0,47.22222222222222,275.2446024599867,35.072738419411614,24.137592205263374,1.3000829142571009,1192.473106259995,917.2285038000082
2025,1m,2.0,25,72,72,29,43,0,40.27777777777778,329.49480992000827,46.93575596689685,23.991677049302336,1.3193886772647498,1361.1369230400087,1031.6421131200004
2025,1m,2.5,25,72,72,26,46,0,36.11111111111111,475.0985768700175,60.09091075576984,23.636197886521703,1.436966638269959,1562.363679650016,1087.2651027799984
2025,1m,3.0,25,72,72,23,49,0,31.944444444444443,505.5788517600304,72.31922042608811,23.62782077632645,1.4366858817780863,1663.3420698000264,1157.763218039996
2025,1m,3.5,25,72,72,22,50,0,30.555555555555557,675.7325219300237,84.42223068681919,23.63113106359997,1.5719002785870737,1857.2890751100222,1181.5565531799984
2025,1m,4.0,25,72,72,19,53,0,26.38888888888889,551.7467045600351,95.32451701894905,23.76262488301881,1.4380961796782568,1811.165823360032,1259.4191187999968
2025,1m,4.5,25,72,72,19,53,0,26.38888888888889,778.1424324800391,107.24008164631768,23.76262488301881,1.6178582021380388,2037.561551280036,1259.4191187999968
2025,1m,5.0,25,72,72,19,53,0,26.38888888888889,1004.5381604000431,119.15564627368632,23.76262488301881,1.797620224597821,2263.95727920004,1259.4191187999968
2025,1m,10.0,25,72,72,8,63,1,11.11111111111111,307.90099187999294,226.5677916499999,23.883195893968352,1.2046341433167551,1812.5423331999991,1504.6413413200062
2025,5m,1.5,50,51,51,25,26,0,49.01960784313725,342.26831758001936,65.06246399760028,49.39589547538414,1.2665032374467264,1626.561599940007,1284.2932823599876
2025,5m,2.0,50,51,51,22,29,0,43.13725490196079,433.5831143800315,84.91669080909163,49.46841666965464,1.3022361110729659,1868.1671978000159,1434.5840834199844
2025,5m,2.5,50,51,51,19,32,0,37.254901960784316,392.89022105004005,103.81796629210648,49.36409807812447,1.2487196137642922,1972.5413595500231,1579.651138499983
2025,5m,3.0,50,51,51,15,36,0,29.411764705882355,24.585304720025306,119.66264935200088,49.17651209888855,1.013887221804965,1794.9397402800132,1770.354435559988
2025,5m,3.5,50,51,51,15,36,0,29.411764705882355,323.7419281000275,139.60642424400103,49.17651209888855,1.182868425439126,2094.0963636600154,1770.354435559988
2025,5m,4.0,50,51,51,14,37,0,27.450980392156865,412.78244288003407,158.94000715428723,48.98317992648614,1.2277574109468647,2225.160100160021,1812.377657279987
2025,5m,4.5,50,51,51,10,41,0,19.607843137254903,-124.60483458998715,183.60514208700042,47.820884279511986,0.9364473837558265,1836.0514208700042,1960.6562554599914
2025,5m,5.0,50,51,51,9,42,0,17.647058823529413,-223.8151019599718,198.59746114444636,47.88552981571402,0.8887152127259493,1787.377150300017,2011.192252259989
2025,5m,10.0,50,51,51,5,46,0,9.803921568627452,-85.5296013599982,415.11601471999893,46.98064510782593,0.9604232944070358,2075.5800735999946,2161.109674959993
2025,15m,1.5,75,56,56,24,32,0,42.857142857142854,-67.8838785800217,101.03046157999961,77.89421739062539,0.9727659988547367,2424.7310779199906,2492.6149565000123
2025,15m,2.0,75,56,56,20,36,0,35.714285714285715,-8.502459460032696,136.6866627439991,76.17321428722263,0.9968994425185367,2733.7332548799823,2742.235714340015
2025,15m,2.5,75,56,56,16,40,0,28.57142857142857,-273.00156775004325,171.25449884062334,75.32683873000042,0.9093943233405217,2740.0719814499735,3013.0735492000167
2025,15m,3.0,75,56,56,15,41,0,26.785714285714285,-50.56385674004923,202.92692425199783,75.47482245170772,0.9836599178576818,3043.9038637799677,3094.467720520017
2025,15m,3.5,75,56,56,14,42,0,25.0,80.53095388994734,232.7574053149974,75.66839810761944,1.025339556697359,3258.603674409964,3178.0727205200164
2025,15m,4.0,75,56,56,10,46,0,17.857142857142858,-602.2323005800426,280.5496032959971,74.08105072913072,0.8232745566444751,2805.4960329599708,3407.7283335400134
2025,15m,4.5,75,56,56,9,47,0,16.071428571428573,-955.6166041800534,286.6805215999957,75.22853826765989,0.7297266616865217,2580.1246943999613,3535.7412985800147
2025,15m,5.0,75,56,56,7,49,0,12.5,-1614.8288713000184,296.9373179142843,75.37530809591853,0.5627786859712314,2078.56122539999,3693.390096700008
2025,15m,10.0,75,56,56,6,50,0,10.714285714285714,-86.17483802003335,609.5344702666625,74.86763319240018,0.9769794143756154,3657.2068215999752,3743.3816596200086
