year,timeframe,body_filter,sl_type,rr_ratio,total_candles,total_trades,wins,losses,no_exit,win_rate,total_pnl,profit_factor,gross_profit,gross_loss
2018,5m,50,middle,1.5,2,2,2,0,0,100.0,97.12508850000131,0.0,97.12508850000131,0.0
2018,5m,50,middle,2.0,2,2,2,0,0,100.0,129.50011800000175,0.0,129.50011800000175,0.0
2018,5m,50,middle,2.5,2,2,1,1,0,50.0,71.58838099999957,3.775150148942273,97.38460000000032,25.796219000000747
2018,5m,50,middle,3.0,2,2,1,1,0,50.0,91.06530099999964,4.530180178730728,116.86152000000038,25.796219000000747
2018,5m,50,middle,3.5,2,2,1,1,0,50.0,110.5422209999997,5.2852102085191826,136.33844000000045,25.796219000000747
2018,5m,50,middle,4.0,2,2,0,2,0,0.0,-64.75005900000087,0.0,0.0,64.75005900000087
2018,5m,50,middle,4.5,2,2,0,2,0,0.0,-64.75005900000087,0.0,0.0,64.75005900000087
2018,5m,50,middle,5.0,2,2,0,2,0,0.0,-64.75005900000087,0.0,0.0,64.75005900000087
2018,5m,50,62%,1.5,2,2,2,0,0,100.0,120.3307655399999,0.0,120.3307655399999,0.0
2018,5m,50,62%,2.0,2,2,1,1,0,50.0,64.68777443999988,3.0267022880093593,96.60552319999988,31.917748759999995
2018,5m,50,62%,2.5,2,2,1,1,0,50.0,88.83915523999985,3.7833778600116994,120.75690399999985,31.917748759999995
2018,5m,50,62%,3.0,2,2,1,1,0,50.0,112.99053603999982,4.540053432014039,144.90828479999982,31.917748759999995
2018,5m,50,62%,3.5,2,2,0,2,0,0.0,-80.22051035999993,0.0,0.0,80.22051035999993
2018,5m,50,62%,4.0,2,2,0,2,0,0.0,-80.22051035999993,0.0,0.0,80.22051035999993
2018,5m,50,62%,4.5,2,2,0,2,0,0.0,-80.22051035999993,0.0,0.0,80.22051035999993
2018,5m,50,62%,5.0,2,2,0,2,0,0.0,-80.22051035999993,0.0,0.0,80.22051035999993
2018,5m,50,78%,1.5,2,2,1,1,0,50.0,51.072197160001,2.274263142293201,91.1519856000009,40.0797884399999
2018,5m,50,78%,2.0,2,2,1,1,0,50.0,81.4561923600013,3.032350856390935,121.5359808000012,40.0797884399999
2018,5m,50,78%,2.5,2,2,0,2,0,0.0,-100.8477788400005,0.0,0.0,100.8477788400005
2018,5m,50,78%,3.0,2,2,0,2,0,0.0,-100.8477788400005,0.0,0.0,100.8477788400005
2018,5m,50,78%,3.5,2,2,0,2,0,0.0,-100.8477788400005,0.0,0.0,100.8477788400005
2018,5m,50,78%,4.0,2,2,0,2,0,0.0,-100.8477788400005,0.0,0.0,100.8477788400005
2018,5m,50,78%,4.5,2,2,0,2,0,0.0,-100.8477788400005,0.0,0.0,100.8477788400005
2018,5m,50,78%,5.0,2,2,0,2,0,0.0,-100.8477788400005,0.0,0.0,100.8477788400005
2018,15m,50,middle,1.5,18,18,5,13,0,27.77777777777778,-139.31587574999776,0.6705392019691212,283.5443752500023,422.86025100000006
2018,15m,50,middle,2.0,18,18,3,15,0,16.666666666666664,-358.4202424999985,0.3204014741218153,168.97972800000207,527.3999705000006
2018,15m,50,middle,2.5,18,18,3,15,0,16.666666666666664,-316.175310499998,0.40050184265226907,211.2246600000026,527.3999705000006
2018,15m,50,middle,3.0,18,18,3,15,0,16.666666666666664,-273.93037849999746,0.4806022111827229,253.4695920000031,527.3999705000006
2018,15m,50,middle,3.5,18,18,3,15,0,16.666666666666664,-231.68544649999694,0.5607025797131767,295.7145240000036,527.3999705000006
2018,15m,50,middle,4.0,18,18,3,15,0,16.666666666666664,-189.44051449999643,0.6408029482436306,337.95945600000414,527.3999705000006
2018,15m,50,middle,4.5,18,18,3,15,0,16.666666666666664,-147.1955824999959,0.7209033167740844,380.20438800000466,527.3999705000006
2018,15m,50,middle,5.0,18,18,3,15,0,16.666666666666664,-104.95065049999539,0.8010036853045381,422.4493200000052,527.3999705000006
2018,15m,50,62%,1.5,18,18,4,14,0,22.22222222222222,-415.7485581899996,0.3311046533340105,205.7964417299986,621.5449999199982
2018,15m,50,62%,2.0,18,18,4,14,0,22.22222222222222,-347.14974428000005,0.44147287111201405,274.39525563999814,621.5449999199982
2018,15m,50,62%,2.5,18,18,4,14,0,22.22222222222222,-278.5509303700005,0.5518410888900176,342.9940695499977,621.5449999199982
2018,15m,50,62%,3.0,18,18,4,14,0,22.22222222222222,-209.95211646000098,0.662209306668021,411.5928834599972,621.5449999199982
2018,15m,50,62%,3.5,18,18,4,14,0,22.22222222222222,-141.35330255000144,0.7725775244460246,480.19169736999675,621.5449999199982
2018,15m,50,62%,4.0,18,18,4,14,0,22.22222222222222,-72.75448864000191,0.8829457422240281,548.7905112799963,621.5449999199982
2018,15m,50,62%,4.5,18,18,4,14,0,22.22222222222222,-4.155674730002374,0.9933139600020316,617.3893251899958,621.5449999199982
2018,15m,50,62%,5.0,18,18,4,14,0,22.22222222222222,64.44313917999716,1.1036821777800352,685.9881390999954,621.5449999199982
2018,15m,50,78%,1.5,18,18,4,14,0,22.22222222222222,-523.4116781100015,0.3307547510873995,258.6808043699989,782.0924824800004
2018,15m,50,78%,2.0,18,18,4,14,0,22.22222222222222,-437.18474332000187,0.44100633478319934,344.9077391599985,782.0924824800004
2018,15m,50,78%,2.5,18,18,4,14,0,22.22222222222222,-350.95780853000224,0.5512579184789992,431.13467394999816,782.0924824800004
2018,15m,50,78%,3.0,18,18,4,14,0,22.22222222222222,-264.7308737400026,0.661509502174799,517.3616087399978,782.0924824800004
2018,15m,50,78%,3.5,18,18,4,14,0,22.22222222222222,-178.50393895000298,0.7717610858705989,603.5885435299974,782.0924824800004
2018,15m,50,78%,4.0,18,18,4,14,0,22.22222222222222,-92.27700416000334,0.8820126695663987,689.815478319997,782.0924824800004
2018,15m,50,78%,4.5,18,18,4,14,0,22.22222222222222,-6.050069370003712,0.9922642532621986,776.0424131099967,782.0924824800004
2018,15m,50,78%,5.0,18,18,4,14,0,22.22222222222222,80.17686541999592,1.1025158369579984,862.2693478999963,782.0924824800004
2018,15m,100,middle,1.5,1,1,1,0,0,100.0,88.52479799999946,0.0,88.52479799999946,0.0
2018,15m,100,middle,2.0,1,1,0,1,0,0.0,-59.01653199999964,0.0,0.0,59.01653199999964
2018,15m,100,middle,2.5,1,1,0,1,0,0.0,-59.01653199999964,0.0,0.0,59.01653199999964
2018,15m,100,middle,3.0,1,1,0,1,0,0.0,-59.01653199999964,0.0,0.0,59.01653199999964
2018,15m,100,middle,3.5,1,1,0,1,0,0.0,-59.01653199999964,0.0,0.0,59.01653199999964
2018,15m,100,middle,4.0,1,1,0,1,0,0.0,-59.01653199999964,0.0,0.0,59.01653199999964
2018,15m,100,middle,4.5,1,1,0,1,0,0.0,-59.01653199999964,0.0,0.0,59.01653199999964
2018,15m,100,middle,5.0,1,1,0,1,0,0.0,-59.01653199999964,0.0,0.0,59.01653199999964
2018,15m,100,62%,1.5,1,1,0,1,0,0.0,-73.18049968000014,0.0,0.0,73.18049968000014
2018,15m,100,62%,2.0,1,1,0,1,0,0.0,-73.18049968000014,0.0,0.0,73.18049968000014
2018,15m,100,62%,2.5,1,1,0,1,0,0.0,-73.18049968000014,0.0,0.0,73.18049968000014
2018,15m,100,62%,3.0,1,1,0,1,0,0.0,-73.18049968000014,0.0,0.0,73.18049968000014
2018,15m,100,62%,3.5,1,1,0,1,0,0.0,-73.18049968000014,0.0,0.0,73.18049968000014
2018,15m,100,62%,4.0,1,1,0,1,0,0.0,-73.18049968000014,0.0,0.0,73.18049968000014
2018,15m,100,62%,4.5,1,1,0,1,0,0.0,-73.18049968000014,0.0,0.0,73.18049968000014
2018,15m,100,62%,5.0,1,1,0,1,0,0.0,-73.18049968000014,0.0,0.0,73.18049968000014
2018,15m,100,78%,1.5,1,1,0,1,0,0.0,-92.0657899200005,0.0,0.0,92.0657899200005
2018,15m,100,78%,2.0,1,1,0,1,0,0.0,-92.0657899200005,0.0,0.0,92.0657899200005
2018,15m,100,78%,2.5,1,1,0,1,0,0.0,-92.0657899200005,0.0,0.0,92.0657899200005
2018,15m,100,78%,3.0,1,1,0,1,0,0.0,-92.0657899200005,0.0,0.0,92.0657899200005
2018,15m,100,78%,3.5,1,1,0,1,0,0.0,-92.0657899200005,0.0,0.0,92.0657899200005
2018,15m,100,78%,4.0,1,1,0,1,0,0.0,-92.0657899200005,0.0,0.0,92.0657899200005
2018,15m,100,78%,4.5,1,1,0,1,0,0.0,-92.0657899200005,0.0,0.0,92.0657899200005
2018,15m,100,78%,5.0,1,1,0,1,0,0.0,-92.0657899200005,0.0,0.0,92.0657899200005
2019,15m,50,middle,1.5,8,8,5,3,0,62.5,151.39110649999884,2.7022891866616825,240.32494199999883,88.93383549999999
2019,15m,50,middle,2.0,8,8,4,4,0,50.0,132.73934550000013,2.089332294892707,254.59320599999955,121.85386049999943
2019,15m,50,middle,2.5,8,8,4,4,0,50.0,196.38764700000002,2.6116653686158835,318.24150749999944,121.85386049999943
2019,15m,50,middle,3.0,8,8,3,5,0,37.5,135.22750449999785,1.8835166846136278,288.2834759999978,153.05597149999994
2019,15m,50,middle,3.5,8,8,3,5,0,37.5,183.27475049999748,2.1974361320492326,336.3307219999974,153.05597149999994
2019,15m,50,middle,4.0,8,8,2,6,0,25.0,90.18368650000048,1.4974728537753015,271.46731999999975,181.28363349999927
2019,15m,50,middle,4.5,8,8,2,6,0,25.0,124.11710150000044,1.6846569604972141,305.4007349999997,181.28363349999927
2019,15m,50,middle,5.0,8,8,2,6,0,25.0,158.0505165000004,1.8718410672191268,339.3341499999997,181.28363349999927
2019,15m,50,62%,1.5,8,8,5,3,0,62.5,166.2047794500072,2.40434419259035,284.5552382100054,118.35045875999822
2019,15m,50,62%,2.0,8,8,5,3,0,62.5,261.056525520009,3.205792256787133,379.40698428000724,118.35045875999822
2019,15m,50,62%,2.5,8,8,4,4,0,50.0,220.49110985000834,2.4040346316042562,377.53218625000727,157.04107639999893
2019,15m,50,62%,3.0,8,8,4,4,0,50.0,295.9975471000098,2.884841557925107,453.0386235000087,157.04107639999893
2019,15m,50,62%,3.5,8,8,3,5,0,37.5,213.99363039001173,2.1142984122696897,406.03700767001055,192.04337727999882
2019,15m,50,62%,4.0,8,8,3,5,0,37.5,271.99891720001324,2.4163410425939316,464.04229448001206,192.04337727999882
2019,15m,50,62%,4.5,8,8,2,6,0,25.0,85.41509507000274,1.361141624421514,321.92921943000374,236.514124360001
2019,15m,50,62%,5.0,8,8,2,6,0,25.0,121.18500834000315,1.512379582690571,357.69913270000416,236.514124360001
2019,15m,50,78%,1.5,8,8,5,2,1,62.5,263.2923167900053,3.803367798277024,357.2123214900048,93.92000469999948
2019,15m,50,78%,2.0,8,8,4,3,1,50.0,236.33721114000582,2.6573983482403594,378.93250900000567,142.59529785999985
2019,15m,50,78%,2.5,8,8,3,4,1,37.5,176.9473038700071,1.9481159334937035,363.577754450007,186.6304505799999
2019,15m,50,78%,3.0,8,8,3,4,1,37.5,249.66285476000849,2.337739120192444,436.2933053400084,186.6304505799999
2019,15m,50,78%,3.5,8,8,2,5,1,25.0,72.94617531000586,1.3013559654779985,315.00601041000664,242.05983510000078
2019,15m,50,78%,4.0,8,8,2,5,1,25.0,117.9470339400068,1.487263960546284,360.0068690400076,242.05983510000078
2019,15m,50,78%,4.5,8,8,2,5,1,25.0,162.94789257000775,1.6731719556145697,405.00772767000853,242.05983510000078
2019,15m,50,78%,5.0,8,8,2,5,1,25.0,207.9487512000087,1.859079950682855,450.0085863000095,242.05983510000078
2020,5m,50,middle,1.5,29,29,14,15,0,48.275862068965516,140.8821457500062,1.2398895857057683,728.161269750005,587.2791239999988
2020,5m,50,middle,2.0,29,29,12,17,0,41.37931034482759,197.64260550000654,1.3044093991163694,846.9083840000058,649.2657784999992
2020,5m,50,middle,2.5,29,29,10,19,0,34.48275862068966,144.02100425000754,1.1986278278636546,869.1006962500069,725.0796919999993
2020,5m,50,middle,3.0,29,29,7,22,0,24.137931034482758,-252.11539049999556,0.7094001270104473,615.4534350000049,867.5688255000005
2020,5m,50,middle,3.5,29,29,5,24,0,17.24137931034483,-421.06963799999176,0.5462165628994448,506.83914750000804,927.9087854999998
2020,5m,50,middle,4.0,29,29,5,24,0,17.24137931034483,-348.6640454999906,0.6242475004565083,579.2447400000092,927.9087854999998
2020,5m,50,middle,4.5,29,29,4,25,0,13.793103448275861,-429.8852367499885,0.5502544156071243,525.9556912500111,955.8409279999996
2020,5m,50,middle,5.0,29,29,2,27,0,6.896551724137931,-734.114002499995,0.27764993245981595,282.17164000000594,1016.2856425000009
2020,5m,50,62%,1.5,29,29,14,15,0,48.275862068965516,173.39517009000792,1.2382854211958216,901.0736374500093,727.6784673600014
2020,5m,50,62%,2.0,29,29,10,19,0,34.48275862068966,-41.94866171999456,0.9533685646697823,857.6303759600087,899.5790376800032
2020,5m,50,62%,2.5,29,29,6,23,0,20.689655172413794,-565.9813237799945,0.4903649322608667,544.5806442000094,1110.5619679800038
2020,5m,50,62%,3.0,29,29,5,24,0,17.24137931034483,-614.2350638999942,0.46581493701637877,535.61937132001,1149.8544352200042
2020,5m,50,62%,3.5,29,29,4,25,0,13.793103448275861,-681.4421702699883,0.42476229947681093,503.184931970015,1184.6271022400033
2020,5m,50,62%,4.0,29,29,2,27,0,6.896551724137931,-984.3158384599919,0.21853556504991678,275.2627097600125,1259.5785482200044
2020,5m,50,62%,4.5,29,29,1,28,0,3.4482758620689653,-1135.3888243899955,0.12210100137847325,157.91351013000985,1293.3023345200054
2020,5m,50,62%,5.0,29,29,1,28,0,3.4482758620689653,-1117.8428788199944,0.13566777930941473,175.45945570001095,1293.3023345200054
2020,5m,50,78%,1.5,29,29,11,18,0,37.93103448275862,-205.8207284399905,0.8101117030707674,878.0835024600083,1083.9042308999988
2020,5m,50,78%,2.0,29,29,6,23,0,20.689655172413794,-850.6834607799892,0.3908126171134538,545.73984784001,1396.4233086199993
2020,5m,50,78%,2.5,29,29,5,24,0,17.24137931034483,-887.0038072799898,0.386488539211358,558.7781609000103,1445.7819681800001
2020,5m,50,78%,3.0,29,29,3,26,0,10.344827586206897,-1114.0998549399892,0.2720656151331895,416.3950332000113,1530.4948881400005
2020,5m,50,78%,3.5,29,29,2,27,0,6.896551724137931,-1285.3345874199895,0.1885355615838504,298.6345017600115,1583.969089180001
2020,5m,50,78%,4.0,29,29,1,28,0,3.4482758620689653,-1453.7026992399942,0.10606018004775153,172.47242664000805,1626.1751258800023
2020,5m,50,78%,4.5,29,29,1,28,0,3.4482758620689653,-1432.1436459099932,0.11931770255372047,194.03147997000906,1626.1751258800023
2020,5m,50,78%,5.0,29,29,1,28,0,3.4482758620689653,-1410.5845925799922,0.1325752250596894,215.59053330001007,1626.1751258800023
2020,5m,100,middle,1.5,6,6,1,5,0,16.666666666666664,-164.69065625000076,0.44411681038223977,131.57780325000022,296.268459500001
2020,5m,100,middle,2.0,6,6,1,5,0,16.666666666666664,-120.83138850000068,0.5921557471763197,175.4370710000003,296.268459500001
2020,5m,100,middle,2.5,6,6,1,5,0,16.666666666666664,-76.97212075000061,0.7401946839703997,219.29633875000036,296.268459500001
2020,5m,100,middle,3.0,6,6,0,6,0,0.0,-383.9869950000011,0.0,0.0,383.9869950000011
2020,5m,100,middle,3.5,6,6,0,6,0,0.0,-383.9869950000011,0.0,0.0,383.9869950000011
2020,5m,100,middle,4.0,6,6,0,6,0,0.0,-383.9869950000011,0.0,0.0,383.9869950000011
2020,5m,100,middle,4.5,6,6,0,6,0,0.0,-383.9869950000011,0.0,0.0,383.9869950000011
2020,5m,100,middle,5.0,6,6,0,6,0,0.0,-383.9869950000011,0.0,0.0,383.9869950000011
2020,5m,100,62%,1.5,6,6,1,5,0,16.666666666666664,-204.18218879000142,0.44338013264369913,162.64300155,366.8251903400014
2020,5m,100,62%,2.0,6,6,1,5,0,16.666666666666664,-149.96785494000142,0.5911735101915988,216.8573354,366.8251903400014
2020,5m,100,62%,2.5,6,6,0,6,0,0.0,-475.25385804000143,0.0,0.0,475.25385804000143
2020,5m,100,62%,3.0,6,6,0,6,0,0.0,-475.25385804000143,0.0,0.0,475.25385804000143
2020,5m,100,62%,3.5,6,6,0,6,0,0.0,-475.25385804000143,0.0,0.0,475.25385804000143
2020,5m,100,62%,4.0,6,6,0,6,0,0.0,-475.25385804000143,0.0,0.0,475.25385804000143
2020,5m,100,62%,4.5,6,6,0,6,0,0.0,-475.25385804000143,0.0,0.0,475.25385804000143
2020,5m,100,62%,5.0,6,6,0,6,0,0.0,-475.25385804000143,0.0,0.0,475.25385804000143
2020,5m,100,78%,1.5,6,6,1,5,0,16.666666666666664,-256.8375655099999,0.44274874771561323,204.06326594999973,460.9008314599996
2020,5m,100,78%,2.0,6,6,0,6,0,0.0,-596.9430087599994,0.0,0.0,596.9430087599994
2020,5m,100,78%,2.5,6,6,0,6,0,0.0,-596.9430087599994,0.0,0.0,596.9430087599994
2020,5m,100,78%,3.0,6,6,0,6,0,0.0,-596.9430087599994,0.0,0.0,596.9430087599994
2020,5m,100,78%,3.5,6,6,0,6,0,0.0,-596.9430087599994,0.0,0.0,596.9430087599994
2020,5m,100,78%,4.0,6,6,0,6,0,0.0,-596.9430087599994,0.0,0.0,596.9430087599994
2020,5m,100,78%,4.5,6,6,0,6,0,0.0,-596.9430087599994,0.0,0.0,596.9430087599994
2020,5m,100,78%,5.0,6,6,0,6,0,0.0,-596.9430087599994,0.0,0.0,596.9430087599994
2020,5m,150,middle,1.5,1,1,1,0,0,100.0,131.57780325000022,0.0,131.57780325000022,0.0
2020,5m,150,middle,2.0,1,1,1,0,0,100.0,175.4370710000003,0.0,175.4370710000003,0.0
2020,5m,150,middle,2.5,1,1,1,0,0,100.0,219.29633875000036,0.0,219.29633875000036,0.0
2020,5m,150,middle,3.0,1,1,0,1,0,0.0,-87.71853550000014,0.0,0.0,87.71853550000014
2020,5m,150,middle,3.5,1,1,0,1,0,0.0,-87.71853550000014,0.0,0.0,87.71853550000014
2020,5m,150,middle,4.0,1,1,0,1,0,0.0,-87.71853550000014,0.0,0.0,87.71853550000014
2020,5m,150,middle,4.5,1,1,0,1,0,0.0,-87.71853550000014,0.0,0.0,87.71853550000014
2020,5m,150,middle,5.0,1,1,0,1,0,0.0,-87.71853550000014,0.0,0.0,87.71853550000014
2020,5m,150,62%,1.5,1,1,1,0,0,100.0,162.64300155,0.0,162.64300155,0.0
2020,5m,150,62%,2.0,1,1,1,0,0,100.0,216.8573354,0.0,216.8573354,0.0
2020,5m,150,62%,2.5,1,1,0,1,0,0.0,-108.4286677,0.0,0.0,108.4286677
2020,5m,150,62%,3.0,1,1,0,1,0,0.0,-108.4286677,0.0,0.0,108.4286677
2020,5m,150,62%,3.5,1,1,0,1,0,0.0,-108.4286677,0.0,0.0,108.4286677
2020,5m,150,62%,4.0,1,1,0,1,0,0.0,-108.4286677,0.0,0.0,108.4286677
2020,5m,150,62%,4.5,1,1,0,1,0,0.0,-108.4286677,0.0,0.0,108.4286677
2020,5m,150,62%,5.0,1,1,0,1,0,0.0,-108.4286677,0.0,0.0,108.4286677
2020,5m,150,78%,1.5,1,1,1,0,0,100.0,204.06326594999973,0.0,204.06326594999973,0.0
2020,5m,150,78%,2.0,1,1,0,1,0,0.0,-136.04217729999982,0.0,0.0,136.04217729999982
2020,5m,150,78%,2.5,1,1,0,1,0,0.0,-136.04217729999982,0.0,0.0,136.04217729999982
2020,5m,150,78%,3.0,1,1,0,1,0,0.0,-136.04217729999982,0.0,0.0,136.04217729999982
2020,5m,150,78%,3.5,1,1,0,1,0,0.0,-136.04217729999982,0.0,0.0,136.04217729999982
2020,5m,150,78%,4.0,1,1,0,1,0,0.0,-136.04217729999982,0.0,0.0,136.04217729999982
2020,5m,150,78%,4.5,1,1,0,1,0,0.0,-136.04217729999982,0.0,0.0,136.04217729999982
2020,5m,150,78%,5.0,1,1,0,1,0,0.0,-136.04217729999982,0.0,0.0,136.04217729999982
2020,15m,50,middle,1.5,74,74,29,45,0,39.189189189189186,-205.28858575000504,0.8923391747485415,1701.5199982499962,1906.8085840000012
2020,15m,50,middle,2.0,74,74,20,54,0,27.027027027027028,-933.3013260000016,0.6009038059912892,1405.235948999998,2338.5372749999997
2020,15m,50,middle,2.5,74,74,17,57,0,22.972972972972975,-1019.0238882500034,0.586334956340191,1444.3795437499966,2463.403432
2020,15m,50,middle,3.0,74,74,17,57,0,22.972972972972975,-730.1479795000041,0.7036019476082291,1733.255452499996,2463.403432
2020,15m,50,middle,3.5,74,74,16,58,0,21.62162162162162,-556.9614480000046,0.7762409215961464,1932.1507344999955,2489.1121825
2020,15m,50,middle,4.0,74,74,15,59,0,20.27027027027027,-483.7533894999988,0.808768552116042,2045.921488,2529.6748774999987
2020,15m,50,middle,4.5,74,74,15,59,0,20.27027027027027,-228.01320349999878,0.9098646211305473,2301.661674,2529.6748774999987
2020,15m,50,middle,5.0,74,74,15,59,0,20.27027027027027,27.726982500001213,1.0109606901450525,2557.40186,2529.6748774999987
2020,15m,50,62%,1.5,74,74,27,47,0,36.486486486486484,-466.6334771200104,0.8093465176745812,1980.9141439799937,2447.547621100004
2020,15m,50,62%,2.0,74,74,20,54,0,27.027027027027028,-978.2592015600048,0.6553229973541025,1859.9318992399967,2838.1911008000015
2020,15m,50,62%,2.5,74,74,20,54,0,27.027027027027028,-513.2762267500057,0.8191537466926282,2324.914874049996,2838.1911008000015
2020,15m,50,62%,3.0,74,74,19,55,0,25.675675675675674,-175.80865442000595,0.9387441221308831,2694.2612969999955,2870.0699514200014
2020,15m,50,62%,3.5,74,74,18,56,0,24.324324324324326,46.58655173999796,1.015951915314349,2967.0228016799983,2920.4362499400004
2020,15m,50,62%,4.0,74,74,16,58,0,21.62162162162162,-283.99012512000354,0.907534940611114,2787.333540239997,3071.3236653600006
2020,15m,50,62%,4.5,74,74,16,58,0,21.62162162162162,64.4265674099961,1.0209768081875032,3135.7502327699967,3071.3236653600006
2020,15m,50,62%,5.0,74,74,14,60,0,18.91891891891892,-14.288395380005568,0.9954531934542992,3128.2238791999953,3142.512274580001
2020,15m,50,78%,1.5,74,74,25,49,0,33.78378378378378,-1067.5422940800017,0.6734857979150373,2201.970294540003,3269.512588620005
2020,15m,50,78%,2.0,74,74,22,52,0,29.72972972972973,-875.0516337600029,0.7463627570018324,2574.9607674800027,3450.0124012400056
2020,15m,50,78%,2.5,74,74,19,55,0,25.675675675675674,-795.3546888599994,0.7797513785759616,2815.8129258000054,3611.167614660005
2020,15m,50,78%,3.0,74,74,17,57,0,22.972972972972975,-992.6736316199958,0.7388586098981635,2808.6143650200083,3801.287996640004
2020,15m,50,78%,3.5,74,74,17,57,0,22.972972972972975,-524.5712374499944,0.8620017115478574,3276.7167591900097,3801.287996640004
2020,15m,50,78%,4.0,74,74,15,59,0,20.27027027027027,-503.5313941799932,0.870580787881937,3387.169112640011,3890.700506820004
2020,15m,50,78%,4.5,74,74,12,62,0,16.216216216216218,-889.3558267100016,0.7797441962746279,3148.4756931300044,4037.831519840006
2020,15m,50,78%,5.0,74,74,11,63,0,14.864864864864865,-863.0274480599974,0.7890810163554108,3228.721114100008,4091.7485621600053
2020,15m,100,middle,1.5,15,15,4,11,0,26.666666666666668,-300.75064399999883,0.5831579750026075,420.74725200000285,721.4978960000017
2020,15m,100,middle,2.0,15,15,2,13,0,13.333333333333334,-672.513509999998,0.24620351948610766,219.65503600000375,892.1685460000017
2020,15m,100,middle,2.5,15,15,2,13,0,13.333333333333334,-617.599750999997,0.30775439935763454,274.5687950000047,892.1685460000017
2020,15m,100,middle,3.0,15,15,2,13,0,13.333333333333334,-562.6859919999961,0.36930527922916145,329.4825540000056,892.1685460000017
2020,15m,100,middle,3.5,15,15,2,13,0,13.333333333333334,-507.77223299999514,0.43085615910068836,384.39631300000656,892.1685460000017
2020,15m,100,middle,4.0,15,15,2,13,0,13.333333333333334,-452.8584739999942,0.4924070389722153,439.3100720000075,892.1685460000017
2020,15m,100,middle,4.5,15,15,2,13,0,13.333333333333334,-397.94471499999327,0.5539579188437422,494.22383100000843,892.1685460000017
2020,15m,100,middle,5.0,15,15,2,13,0,13.333333333333334,-343.03095599999233,0.6155087987152691,549.1375900000094,892.1685460000017
2020,15m,100,62%,1.5,15,15,6,9,0,40.0,-57.6662380899993,0.9249756174619194,710.9670533700032,768.6332914600025
2020,15m,100,62%,2.0,15,15,5,10,0,33.33333333333333,-193.39113791999716,0.7834053511212601,699.480126080005,892.8712640000022
2020,15m,100,62%,2.5,15,15,5,10,0,33.33333333333333,-18.521106399995915,0.9792566889015751,874.3501576000062,892.8712640000022
2020,15m,100,62%,3.0,15,15,5,10,0,33.33333333333333,156.34892512000533,1.17510802668189,1049.2201891200075,892.8712640000022
2020,15m,100,62%,3.5,15,15,5,10,0,33.33333333333333,331.2189566400066,1.3709593644622051,1224.0902206400087,892.8712640000022
2020,15m,100,62%,4.0,15,15,3,12,0,20.0,-248.34808893999343,0.7620636897812472,795.410590480009,1043.7586794200024
2020,15m,100,62%,4.5,15,15,3,12,0,20.0,-148.9217651299923,0.8573216510039031,894.8369142900101,1043.7586794200024
2020,15m,100,62%,5.0,15,15,3,12,0,20.0,-49.49544131999119,0.9525796122265591,994.2632381000112,1043.7586794200024
2020,15m,100,78%,1.5,15,15,5,10,0,33.33333333333333,-463.25990335999904,0.5876133390930881,660.1030646400031,1123.3629680000022
2020,15m,100,78%,2.0,15,15,5,10,0,33.33333333333333,-243.225548479998,0.7834844521241174,880.1374195200042,1123.3629680000022
2020,15m,100,78%,2.5,15,15,5,10,0,33.33333333333333,-23.19119359999695,0.9793555651551468,1100.1717744000052,1123.3629680000022
2020,15m,100,78%,3.0,15,15,3,12,0,20.0,-563.6383666399934,0.5708827472776301,749.8449833400082,1313.4833499800015
2020,15m,100,78%,3.5,15,15,3,12,0,20.0,-438.664202749992,0.6660298718239017,874.8191472300095,1313.4833499800015
2020,15m,100,78%,4.0,15,15,3,12,0,20.0,-313.69003885999064,0.7611769963701734,999.7933111200109,1313.4833499800015
2020,15m,100,78%,4.5,15,15,3,12,0,20.0,-188.71587496998927,0.8563241209164452,1124.7674750100123,1313.4833499800015
2020,15m,100,78%,5.0,15,15,3,12,0,20.0,-63.74171107998791,0.9514712454627168,1249.7416389000136,1313.4833499800015
2020,15m,150,middle,1.5,3,3,1,2,0,33.33333333333333,-16.61819374999959,0.9006310791691502,150.61914375000015,167.23733749999974
2020,15m,150,middle,2.0,3,3,0,3,0,0.0,-267.65009999999984,0.0,0.0,267.65009999999984
2020,15m,150,middle,2.5,3,3,0,3,0,0.0,-267.65009999999984,0.0,0.0,267.65009999999984
2020,15m,150,middle,3.0,3,3,0,3,0,0.0,-267.65009999999984,0.0,0.0,267.65009999999984
2020,15m,150,middle,3.5,3,3,0,3,0,0.0,-267.65009999999984,0.0,0.0,267.65009999999984
2020,15m,150,middle,4.0,3,3,0,3,0,0.0,-267.65009999999984,0.0,0.0,267.65009999999984
2020,15m,150,middle,4.5,3,3,0,3,0,0.0,-267.65009999999984,0.0,0.0,267.65009999999984
2020,15m,150,middle,5.0,3,3,0,3,0,0.0,-267.65009999999984,0.0,0.0,267.65009999999984
2020,15m,150,62%,1.5,3,3,1,2,0,33.33333333333333,-21.154266170000028,0.8980572440260091,186.35695880999947,207.5112249799995
2020,15m,150,62%,2.0,3,3,0,3,0,0.0,-331.74919751999914,0.0,0.0,331.74919751999914
2020,15m,150,62%,2.5,3,3,0,3,0,0.0,-331.74919751999914,0.0,0.0,331.74919751999914
2020,15m,150,62%,3.0,3,3,0,3,0,0.0,-331.74919751999914,0.0,0.0,331.74919751999914
2020,15m,150,62%,3.5,3,3,0,3,0,0.0,-331.74919751999914,0.0,0.0,331.74919751999914
2020,15m,150,62%,4.0,3,3,0,3,0,0.0,-331.74919751999914,0.0,0.0,331.74919751999914
2020,15m,150,62%,4.5,3,3,0,3,0,0.0,-331.74919751999914,0.0,0.0,331.74919751999914
2020,15m,150,62%,5.0,3,3,0,3,0,0.0,-331.74919751999914,0.0,0.0,331.74919751999914
2020,15m,150,78%,1.5,3,3,0,3,0,0.0,-417.2146608799994,0.0,0.0,417.2146608799994
2020,15m,150,78%,2.0,3,3,0,3,0,0.0,-417.2146608799994,0.0,0.0,417.2146608799994
2020,15m,150,78%,2.5,3,3,0,3,0,0.0,-417.2146608799994,0.0,0.0,417.2146608799994
2020,15m,150,78%,3.0,3,3,0,3,0,0.0,-417.2146608799994,0.0,0.0,417.2146608799994
2020,15m,150,78%,3.5,3,3,0,3,0,0.0,-417.2146608799994,0.0,0.0,417.2146608799994
2020,15m,150,78%,4.0,3,3,0,3,0,0.0,-417.2146608799994,0.0,0.0,417.2146608799994
2020,15m,150,78%,4.5,3,3,0,3,0,0.0,-417.2146608799994,0.0,0.0,417.2146608799994
2020,15m,150,78%,5.0,3,3,0,3,0,0.0,-417.2146608799994,0.0,0.0,417.2146608799994
2021,5m,50,middle,1.5,27,27,8,19,0,29.629629629629626,-203.5690592500032,0.6845955680674051,441.85325774999365,645.4223169999968
2021,5m,50,middle,2.0,27,27,7,20,0,25.925925925925924,-253.93071350000173,0.6430069399484984,457.3736279999939,711.3043414999956
2021,5m,50,middle,2.5,27,27,6,21,0,22.22222222222222,-230.12149850000787,0.6878316979841255,507.0497549999891,737.171253499997
2021,5m,50,middle,3.0,27,27,6,21,0,22.22222222222222,-128.71154750001006,0.8253980375809505,608.4597059999869,737.171253499997
2021,5m,50,middle,3.5,27,27,6,21,0,22.22222222222222,-27.301596500012238,0.9629643771777756,709.8696569999847,737.171253499997
2021,5m,50,middle,4.0,27,27,6,21,0,22.22222222222222,74.10835449998558,1.1005307167746008,811.2796079999825,737.171253499997
2021,5m,50,middle,4.5,27,27,6,21,0,22.22222222222222,175.5183054999834,1.2380970563714258,912.6895589999804,737.171253499997
2021,5m,50,middle,5.0,27,27,6,21,0,22.22222222222222,276.9282564999812,1.375663395968251,1014.0995099999782,737.171253499997
2021,5m,50,62%,1.5,27,27,8,19,0,29.629629629629626,-376.85565914999825,0.5563031779477375,472.4983150499993,849.3539741999975
2021,5m,50,62%,2.0,27,27,7,20,0,25.925925925925924,-316.19850968000173,0.641349760447769,565.4362274799969,881.6347371599986
2021,5m,50,62%,2.5,27,27,7,20,0,25.925925925925924,-174.8394528100025,0.8016872005597112,706.7952843499961,881.6347371599986
2021,5m,50,62%,3.0,27,27,7,20,0,25.925925925925924,-33.48039594000329,0.9620246406716535,848.1543412199953,881.6347371599986
2021,5m,50,62%,3.5,27,27,7,20,0,25.925925925925924,107.87866092999593,1.1223620807835957,989.5133980899946,881.6347371599986
2021,5m,50,62%,4.0,27,27,7,20,0,25.925925925925924,249.23771779999515,1.282699520895538,1130.8724549599938,881.6347371599986
2021,5m,50,62%,4.5,27,27,7,20,0,25.925925925925924,390.5967746699944,1.4430369610074802,1272.231511829993,881.6347371599986
2021,5m,50,62%,5.0,27,27,7,20,0,25.925925925925924,531.9558315399936,1.6033744011194224,1413.5905686999922,881.6347371599986
2021,5m,50,78%,1.5,27,27,8,19,0,29.629629629629626,-462.2735512999925,0.5651279486062637,600.7369360799994,1063.010487379992
2021,5m,50,78%,2.0,27,27,7,20,0,25.925925925925924,-397.57516791999115,0.6412401080754401,710.6177401200002,1108.1929080399914
2021,5m,50,78%,2.5,27,27,7,20,0,25.925925925925924,-219.9207328899911,0.8015501350943001,888.2721751500003,1108.1929080399914
2021,5m,50,78%,3.0,27,27,7,20,0,25.925925925925924,-42.26629785999103,0.96186016211316,1065.9266101800004,1108.1929080399914
2021,5m,50,78%,3.5,27,27,7,20,0,25.925925925925924,135.38813717000903,1.12217018913202,1243.5810452100004,1108.1929080399914
2021,5m,50,78%,4.0,27,27,7,20,0,25.925925925925924,313.0425722000091,1.2824802161508801,1421.2354802400005,1108.1929080399914
2021,5m,50,78%,4.5,27,27,7,20,0,25.925925925925924,490.69700723000915,1.4427902431697401,1598.8899152700005,1108.1929080399914
2021,5m,50,78%,5.0,27,27,5,22,0,18.51851851851852,14.333902340007626,1.0117761677872263,1231.5297336999993,1217.1958313599916
2021,5m,100,middle,1.5,3,3,1,2,0,33.33333333333333,-16.479948749998584,0.8570726622685841,98.82303674999821,115.3029854999968
2021,5m,100,middle,2.0,3,3,0,3,0,0.0,-181.1850099999956,0.0,0.0,181.1850099999956
2021,5m,100,middle,2.5,3,3,0,3,0,0.0,-181.1850099999956,0.0,0.0,181.1850099999956
2021,5m,100,middle,3.0,3,3,0,3,0,0.0,-181.1850099999956,0.0,0.0,181.1850099999956
2021,5m,100,middle,3.5,3,3,0,3,0,0.0,-181.1850099999956,0.0,0.0,181.1850099999956
2021,5m,100,middle,4.0,3,3,0,3,0,0.0,-181.1850099999956,0.0,0.0,181.1850099999956
2021,5m,100,middle,4.5,3,3,0,3,0,0.0,-181.1850099999956,0.0,0.0,181.1850099999956
2021,5m,100,middle,5.0,3,3,0,3,0,0.0,-181.1850099999956,0.0,0.0,181.1850099999956
2021,5m,100,62%,1.5,3,3,0,3,0,0.0,-224.73800991999815,0.0,0.0,224.73800991999815
2021,5m,100,62%,2.0,3,3,0,3,0,0.0,-224.73800991999815,0.0,0.0,224.73800991999815
2021,5m,100,62%,2.5,3,3,0,3,0,0.0,-224.73800991999815,0.0,0.0,224.73800991999815
2021,5m,100,62%,3.0,3,3,0,3,0,0.0,-224.73800991999815,0.0,0.0,224.73800991999815
2021,5m,100,62%,3.5,3,3,0,3,0,0.0,-224.73800991999815,0.0,0.0,224.73800991999815
2021,5m,100,62%,4.0,3,3,0,3,0,0.0,-224.73800991999815,0.0,0.0,224.73800991999815
2021,5m,100,62%,4.5,3,3,0,3,0,0.0,-224.73800991999815,0.0,0.0,224.73800991999815
2021,5m,100,62%,5.0,3,3,0,3,0,0.0,-224.73800991999815,0.0,0.0,224.73800991999815
2021,5m,100,78%,1.5,3,3,0,3,0,0.0,-282.8086764799973,0.0,0.0,282.8086764799973
2021,5m,100,78%,2.0,3,3,0,3,0,0.0,-282.8086764799973,0.0,0.0,282.8086764799973
2021,5m,100,78%,2.5,3,3,0,3,0,0.0,-282.8086764799973,0.0,0.0,282.8086764799973
2021,5m,100,78%,3.0,3,3,0,3,0,0.0,-282.8086764799973,0.0,0.0,282.8086764799973
2021,5m,100,78%,3.5,3,3,0,3,0,0.0,-282.8086764799973,0.0,0.0,282.8086764799973
2021,5m,100,78%,4.0,3,3,0,3,0,0.0,-282.8086764799973,0.0,0.0,282.8086764799973
2021,5m,100,78%,4.5,3,3,0,3,0,0.0,-282.8086764799973,0.0,0.0,282.8086764799973
2021,5m,100,78%,5.0,3,3,0,3,0,0.0,-282.8086764799973,0.0,0.0,282.8086764799973
2021,15m,50,middle,1.5,83,83,34,49,0,40.963855421686745,-11.056382000008853,0.9943999274203759,1963.2719579999966,1974.3283400000055
2021,15m,50,middle,2.0,83,83,29,54,0,34.93975903614458,47.79307199997493,1.0219955367219025,2220.6462559999854,2172.8531840000105
2021,15m,50,middle,2.5,83,83,25,58,0,30.120481927710845,75.37009599998055,1.0324368943412838,2398.9617199999884,2323.591624000008
2021,15m,50,middle,3.0,83,83,25,58,0,30.120481927710845,555.1624399999782,1.2389242732095407,2878.754063999986,2323.591624000008
2021,15m,50,middle,3.5,83,83,24,59,0,28.915662650602407,874.7160794999763,1.3707680553056802,3233.916304499984,2359.200225000008
2021,15m,50,middle,4.0,83,83,23,60,0,27.710843373493976,1200.6814954999682,1.5031340535373963,3587.086245999977,2386.404750500009
2021,15m,50,middle,4.5,83,83,22,61,0,26.506024096385545,1308.8675289999592,1.534611491409643,3757.1267789999692,2448.25925000001
2021,15m,50,middle,5.0,83,83,21,62,0,25.301204819277107,1421.7223679999515,1.568910473656366,3920.7488999999623,2499.026532000011
2021,15m,50,62%,1.5,83,83,37,46,0,44.57831325301205,415.66841448000105,1.1827632575956566,2690.022789359996,2274.354374879995
2021,15m,50,62%,2.0,83,83,30,53,0,36.144578313253014,244.67525477999334,1.0930238030465076,2874.9187705999902,2630.243515819997
2021,15m,50,62%,2.5,83,83,29,54,0,34.93975903614458,847.2015363999953,1.31808492328397,3510.646026799991,2663.4444903999956
2021,15m,50,62%,3.0,83,83,26,57,0,31.32530120481928,1044.8818883199856,1.374569151762216,3834.438592079983,2789.5567037599976
2021,15m,50,62%,3.5,83,83,25,58,0,30.120481927710845,1338.806879789976,1.4670925233256902,4205.063162929975,2866.256283139999
2021,15m,50,62%,4.0,83,83,24,59,0,28.915662650602407,1624.7730403799778,1.554680036266797,4553.980753199976,2929.207712819998
2021,15m,50,62%,4.5,83,83,23,60,0,27.710843373493976,1846.166399449995,1.6169406240105346,4838.620336829989,2992.4539373799944
2021,15m,50,62%,5.0,83,83,23,60,0,27.710843373493976,2383.790881319994,1.7966006933450385,5376.244818699988,2992.4539373799944
2021,15m,50,78%,1.5,83,83,36,47,0,43.373493975903614,418.662753470021,1.144327751512115,3319.44066405001,2900.777910579989
2021,15m,50,78%,2.0,83,83,32,51,0,38.55421686746988,765.9305451200235,1.2428558288627918,3919.779265600013,3153.8487204799894
2021,15m,50,78%,2.5,83,83,30,53,0,36.144578313253014,1338.838901060025,1.4094127207315685,4608.983753100015,3270.14485203999
2021,15m,50,78%,3.0,83,83,29,54,0,34.93975903614458,1874.6635748000244,1.556835527457076,5241.301446060015,3366.637871259991
2021,15m,50,78%,3.5,83,83,27,56,0,32.53012048192771,2034.4373582900353,1.5771036245702,5559.692220110024,3525.254861819989
2021,15m,50,78%,4.0,83,83,26,57,0,31.32530120481928,2542.4946405200444,1.7097000676448757,6124.986395040032,3582.491754519988
2021,15m,50,78%,4.5,83,83,24,59,0,28.915662650602407,2649.9072480800787,1.7157720489391841,6352.073673840061,3702.1664257599823
2021,15m,50,78%,5.0,83,83,24,59,0,28.915662650602407,3355.6932118400855,1.9064133877102047,7057.859637600068,3702.1664257599823
2021,15m,100,middle,1.5,17,17,8,9,0,47.05882352941176,42.49519799999598,1.070575209165018,644.6216174999981,602.1264195000022
2021,15m,100,middle,2.0,17,17,7,10,0,41.17647058823529,106.16918299999634,1.1627048130599509,758.6955649999982,652.5263820000018
2021,15m,100,middle,2.5,17,17,6,11,0,35.294117647058826,116.43639050000365,1.1654430239561937,820.2218250000033,703.7854344999996
2021,15m,100,middle,3.0,17,17,6,11,0,35.294117647058826,280.4807555000043,1.3985316287474325,984.2661900000039,703.7854344999996
2021,15m,100,middle,3.5,17,17,6,11,0,35.294117647058826,444.52512050000496,1.6316202335386711,1148.3105550000046,703.7854344999996
2021,15m,100,middle,4.0,17,17,6,11,0,35.294117647058826,608.5694855000056,1.86470883832991,1312.3549200000052,703.7854344999996
2021,15m,100,middle,4.5,17,17,5,12,0,29.411764705882355,432.41410325000015,1.5647747512213748,1198.0540372500009,765.6399340000007
2021,15m,100,middle,5.0,17,17,4,13,0,23.52941176470588,260.927526499996,1.3196046303686708,1077.3347424999974,816.4072160000014
2021,15m,100,62%,1.5,17,17,9,8,0,52.94117647058824,223.52643262998117,1.3295574780645552,901.7887920299881,678.262359400007
2021,15m,100,62%,2.0,17,17,7,10,0,41.17647058823529,127.698460039981,1.1575738718341129,938.1022316399867,810.4037716000057
2021,15m,100,62%,2.5,17,17,7,10,0,41.17647058823529,362.2240179499777,1.446967339792641,1172.6277895499834,810.4037716000057
2021,15m,100,62%,3.0,17,17,7,10,0,41.17647058823529,596.7495758599744,1.7363608077511694,1407.15334745998,810.4037716000057
2021,15m,100,62%,3.5,17,17,6,11,0,35.294117647058826,486.1270265599642,1.5479936762981747,1373.2303775399714,887.1033509800072
2021,15m,100,62%,4.0,17,17,5,12,0,29.411764705882355,367.54564637996555,1.386867845793724,1317.6004270399717,950.0547806600061
2021,15m,100,62%,4.5,17,17,4,13,0,23.52941176470588,184.39146467998216,1.1819710665735974,1197.6924698999846,1013.3010052200025
2021,15m,100,62%,5.0,17,17,4,13,0,23.52941176470588,317.46840577998046,1.3133011850817748,1330.769410999983,1013.3010052200025
2021,15m,100,78%,1.5,17,17,8,9,0,47.05882352941176,64.85032071999831,1.0690045768668635,1004.6477032199973,939.797382499999
2021,15m,100,78%,2.0,17,17,7,10,0,41.17647058823529,159.84052275999602,1.1567430443984468,1179.6020271599955,1019.7615043999995
2021,15m,100,78%,2.5,17,17,7,10,0,41.17647058823529,454.7410295499949,1.4459288054980586,1474.5025339499944,1019.7615043999995
2021,15m,100,78%,3.0,17,17,6,11,0,35.294117647058826,363.6694594599903,1.3257943880761303,1479.9239830799906,1116.2545236200003
2021,15m,100,78%,3.5,17,17,4,13,0,23.52941176470588,-103.45300088000295,0.9188522139452271,1171.4185132999955,1274.8715141799985
2021,15m,100,78%,4.0,17,17,4,13,0,23.52941176470588,63.892501019996416,1.0501168159374024,1338.764015199995,1274.8715141799985
2021,15m,100,78%,4.5,17,17,3,14,0,17.647058823529413,-206.853169719996,0.8472872386996374,1147.671284940001,1354.524454659997
2021,15m,100,78%,5.0,17,17,3,14,0,17.647058823529413,-79.3341380599959,0.9414302652218193,1275.190316600001,1354.524454659997
2021,15m,150,middle,1.5,2,2,0,2,0,0.0,-189.92887450000126,0.0,0.0,189.92887450000126
2021,15m,150,middle,2.0,2,2,0,2,0,0.0,-189.92887450000126,0.0,0.0,189.92887450000126
2021,15m,150,middle,2.5,2,2,0,2,0,0.0,-189.92887450000126,0.0,0.0,189.92887450000126
2021,15m,150,middle,3.0,2,2,0,2,0,0.0,-189.92887450000126,0.0,0.0,189.92887450000126
2021,15m,150,middle,3.5,2,2,0,2,0,0.0,-189.92887450000126,0.0,0.0,189.92887450000126
2021,15m,150,middle,4.0,2,2,0,2,0,0.0,-189.92887450000126,0.0,0.0,189.92887450000126
2021,15m,150,middle,4.5,2,2,0,2,0,0.0,-189.92887450000126,0.0,0.0,189.92887450000126
2021,15m,150,middle,5.0,2,2,0,2,0,0.0,-189.92887450000126,0.0,0.0,189.92887450000126
2021,15m,150,62%,1.5,2,2,0,2,0,0.0,-235.5118046200023,0.0,0.0,235.5118046200023
2021,15m,150,62%,2.0,2,2,0,2,0,0.0,-235.5118046200023,0.0,0.0,235.5118046200023
2021,15m,150,62%,2.5,2,2,0,2,0,0.0,-235.5118046200023,0.0,0.0,235.5118046200023
2021,15m,150,62%,3.0,2,2,0,2,0,0.0,-235.5118046200023,0.0,0.0,235.5118046200023
2021,15m,150,62%,3.5,2,2,0,2,0,0.0,-235.5118046200023,0.0,0.0,235.5118046200023
2021,15m,150,62%,4.0,2,2,0,2,0,0.0,-235.5118046200023,0.0,0.0,235.5118046200023
2021,15m,150,62%,4.5,2,2,0,2,0,0.0,-235.5118046200023,0.0,0.0,235.5118046200023
2021,15m,150,62%,5.0,2,2,0,2,0,0.0,-235.5118046200023,0.0,0.0,235.5118046200023
2021,15m,150,78%,1.5,2,2,0,2,0,0.0,-296.28904478000004,0.0,0.0,296.28904478000004
2021,15m,150,78%,2.0,2,2,0,2,0,0.0,-296.28904478000004,0.0,0.0,296.28904478000004
2021,15m,150,78%,2.5,2,2,0,2,0,0.0,-296.28904478000004,0.0,0.0,296.28904478000004
2021,15m,150,78%,3.0,2,2,0,2,0,0.0,-296.28904478000004,0.0,0.0,296.28904478000004
2021,15m,150,78%,3.5,2,2,0,2,0,0.0,-296.28904478000004,0.0,0.0,296.28904478000004
2021,15m,150,78%,4.0,2,2,0,2,0,0.0,-296.28904478000004,0.0,0.0,296.28904478000004
2021,15m,150,78%,4.5,2,2,0,2,0,0.0,-296.28904478000004,0.0,0.0,296.28904478000004
2021,15m,150,78%,5.0,2,2,0,2,0,0.0,-296.28904478000004,0.0,0.0,296.28904478000004
2022,5m,50,middle,1.5,80,80,40,40,0,50.0,687.7244502499952,1.4942952772065063,2079.04757625,1391.3231260000048
2022,5m,50,middle,2.0,80,80,34,46,0,42.5,863.4374315000059,1.552155610125411,2427.194850000007,1563.7574185000012
2022,5m,50,middle,2.5,80,80,26,54,0,32.5,415.4284005000136,1.2227341603604953,2280.559460000013,1865.1310594999995
2022,5m,50,middle,3.0,80,80,23,57,0,28.749999999999996,507.92260249999526,1.25966942173291,2463.9580845,1956.0354820000048
2022,5m,50,middle,3.5,80,80,22,58,0,27.500000000000004,767.7871684999964,1.3859108352162157,2757.332676000001,1989.5455075000045
2022,5m,50,middle,4.0,80,80,20,60,0,25.0,759.2964114999922,1.3668055028191606,2829.3210039999976,2070.0245925000054
2022,5m,50,middle,4.5,80,80,15,65,0,18.75,116.97359350001898,1.0519625524874179,2368.0869030000194,2251.1133095000005
2022,5m,50,middle,5.0,80,80,14,66,0,17.5,129.82272050001484,1.0566212887477253,2422.6479700000164,2292.8252495000015
2022,5m,50,62%,1.5,80,80,37,43,0,46.25,612.6655863000124,1.336263117446036,2434.6482972000085,1821.9827108999962
2022,5m,50,62%,2.0,80,80,30,50,0,37.5,396.3504539600144,1.183105275325972,2560.954686440011,2164.6042324799964
2022,5m,50,62%,2.5,80,80,26,54,0,32.5,533.0324317899931,1.2309021486260232,2841.5100053499964,2308.4775735600033
2022,5m,50,62%,3.0,80,80,25,55,0,31.25,911.6108956599928,1.3869466543229176,3267.519353519996,2355.908457860003
2022,5m,50,62%,3.5,80,80,20,60,0,25.0,405.68167796001035,1.1566727842764943,2995.0380861800095,2589.356408219999
2022,5m,50,62%,4.0,80,80,18,62,0,22.5,391.8573183000026,1.1463413474511763,3069.5511152000036,2677.693796900001
2022,5m,50,62%,4.5,80,80,18,62,0,22.5,775.551207700003,1.2896340158825734,3453.245004600004,2677.693796900001
2022,5m,50,62%,5.0,80,80,17,63,0,21.25,850.5538854200022,1.3116561109293965,3579.6962176000034,2729.142332180001
2022,5m,50,78%,1.5,80,80,32,48,0,40.0,-91.72561144998053,0.9652280617191994,2546.1949643100115,2637.920575759992
2022,5m,50,78%,2.0,80,80,28,52,0,35.0,214.88299576000645,1.0762367279646639,3033.511254040004,2818.6282582799977
2022,5m,50,78%,2.5,80,80,25,55,0,31.25,387.4365978500073,1.1297507504769428,3373.443202250005,2986.0066043999977
2022,5m,50,78%,3.0,80,80,19,61,0,23.75,-294.17164945996956,0.911529474071831,3030.9091768800226,3325.080826339992
2022,5m,50,78%,3.5,80,80,19,61,0,23.75,210.97988002003422,1.063451053083803,3536.0607063600264,3325.080826339992
2022,5m,50,78%,4.0,80,80,18,62,0,22.5,393.9780979000334,1.1162344778054694,3783.4895865600265,3389.511488659993
2022,5m,50,78%,4.5,80,80,15,65,0,18.75,162.77779106003254,1.0462760798516861,3680.3140988400264,3517.536307779994
2022,5m,50,78%,5.0,80,80,13,67,0,16.25,-96.4315276999605,0.9734267285078526,3532.4602980000327,3628.891825699993
2022,5m,100,middle,1.5,4,4,3,1,0,75.0,209.04529699999694,4.6775817979090135,265.8884369999978,56.84314000000086
2022,5m,100,middle,2.0,4,4,3,1,0,75.0,297.6747759999962,6.236775730545352,354.51791599999706,56.84314000000086
2022,5m,100,middle,2.5,4,4,1,3,0,25.0,0.4295437499977197,1.0025706857988264,167.52260124999793,167.0930575000002
2022,5m,100,middle,3.0,4,4,1,3,0,25.0,33.934063999997306,1.2030848229585915,201.02712149999752,167.0930575000002
2022,5m,100,middle,3.5,4,4,1,3,0,25.0,67.4385842499969,1.403598960118357,234.5316417499971,167.0930575000002
2022,5m,100,middle,4.0,4,4,1,3,0,25.0,100.94310449999648,1.6041130972781221,268.0361619999967,167.0930575000002
2022,5m,100,middle,4.5,4,4,1,3,0,25.0,134.44762474999607,1.8046272344378873,301.5406822499963,167.0930575000002
2022,5m,100,middle,5.0,4,4,1,3,0,25.0,167.95214499999565,2.0051413715976527,335.04520249999587,167.0930575000002
2022,5m,100,62%,1.5,4,4,3,1,0,75.0,258.87253231999875,4.665558295675808,329.4954801600006,70.62294784000187
2022,5m,100,62%,2.0,4,4,1,3,0,25.0,-42.04387886000404,0.7974169993981814,165.49514827999883,207.53902714000287
2022,5m,100,62%,2.5,4,4,1,3,0,25.0,-0.670091790004335,0.9967712492477268,206.86893534999854,207.53902714000287
2022,5m,100,62%,3.0,4,4,1,3,0,25.0,40.70369527999537,1.196125499097272,248.24272241999824,207.53902714000287
2022,5m,100,62%,3.5,4,4,1,3,0,25.0,82.07748234999508,1.3954797489468176,289.61650948999795,207.53902714000287
2022,5m,100,62%,4.0,4,4,1,3,0,25.0,123.45126941999479,1.594833998796363,330.99029655999766,207.53902714000287
2022,5m,100,62%,4.5,4,4,1,3,0,25.0,164.8250564899945,1.7941882486459082,372.36408362999737,207.53902714000287
2022,5m,100,62%,5.0,4,4,1,3,0,25.0,206.1988435599942,1.9935424984954535,413.7378706999971,207.53902714000287
2022,5m,100,78%,1.5,4,4,1,3,0,25.0,-105.86855817000105,0.5950977998317349,155.59842849000052,261.46698666000157
2022,5m,100,78%,2.0,4,4,1,3,0,25.0,-54.00241534000088,0.7934637331089799,207.4645713200007,261.46698666000157
2022,5m,100,78%,2.5,4,4,1,3,0,25.0,-2.1362725100007083,0.9918296663862248,259.33071415000086,261.46698666000157
2022,5m,100,78%,3.0,4,4,1,3,0,25.0,49.72987031999946,1.1901955996634699,311.19685698000103,261.46698666000157
2022,5m,100,78%,3.5,4,4,1,3,0,25.0,101.59601314999964,1.3885615329407148,363.0629998100012,261.46698666000157
2022,5m,100,78%,4.0,4,4,1,3,0,25.0,153.4621559799998,1.5869274662179598,414.9291426400014,261.46698666000157
2022,5m,100,78%,4.5,4,4,1,3,0,25.0,205.32829880999998,1.7852933994952047,466.79528547000155,261.46698666000157
2022,5m,100,78%,5.0,4,4,1,3,0,25.0,257.19444164000015,1.9836593327724497,518.6614283000017,261.46698666000157
2022,15m,50,middle,1.5,123,123,54,69,0,43.90243902439025,166.8203202500099,1.0485479479180302,3603.0174697500097,3436.1971495
2022,15m,50,middle,2.0,123,123,46,77,0,37.39837398373984,293.9750890000032,1.0774811967438065,4088.1225900000063,3794.147501000003
2022,15m,50,middle,2.5,123,123,43,80,0,34.959349593495936,911.3684912500066,1.2331009893791676,4821.126633750009,3909.7581425000026
2022,15m,50,middle,3.0,123,123,37,86,0,30.081300813008134,552.302732000011,1.1302422340714262,4792.883646000013,4240.580914000002
2022,15m,50,middle,3.5,123,123,34,89,0,27.64227642276423,809.6815667500177,1.1856684626942824,5170.581393250019,4360.899826500001
2022,15m,50,middle,4.0,123,123,32,91,0,26.01626016260163,1118.5179065000302,1.2515296270490648,5565.381362000029,4446.863455499999
2022,15m,50,middle,4.5,123,123,31,92,0,25.203252032520325,1511.79080600003,1.3358158106489144,6013.63603800003,4501.845232
2022,15m,50,middle,5.0,123,123,29,94,0,23.577235772357724,1632.7320910000271,1.355478687717096,6225.784072500028,4593.051981500001
2022,15m,50,62%,1.5,123,123,49,74,0,39.83739837398374,-583.5477148099708,0.8725307261146702,3994.400342970017,4577.948057779988
2022,15m,50,62%,2.0,123,123,45,78,0,36.58536585365854,220.99364344002606,1.0464898423506064,4974.583508800017,4753.589865359991
2022,15m,50,62%,2.5,123,123,39,84,0,31.70731707317073,30.07341865003218,1.0058242698343502,5193.539313150022,5163.46589449999
2022,15m,50,62%,3.0,123,123,35,88,0,28.455284552845526,222.89616688003662,1.0414695390293245,5597.833339980027,5374.93717309999
2022,15m,50,62%,3.5,123,123,33,90,0,26.82926829268293,649.0325080300345,1.1182732647037645,6136.599877170026,5487.567369139992
2022,15m,50,62%,4.0,123,123,31,92,0,25.203252032520325,961.2386944400296,1.1716357430925106,6561.696251360023,5600.457556919993
2022,15m,50,62%,4.5,123,123,29,94,0,23.577235772357724,1143.329464830027,1.2000058679390726,6859.809069210021,5716.479604379994
2022,15m,50,62%,5.0,123,123,26,97,0,21.138211382113823,1064.7295390000254,1.1817995353352064,6921.34263230002,5856.613093299995
2022,15m,50,78%,1.5,123,123,53,70,0,43.08943089430895,255.8357695600207,1.0476920007073383,5620.168692600013,5364.332923039992
2022,15m,50,78%,2.0,123,123,48,75,0,39.02439024390244,937.1958534600271,1.1626602814765101,6698.871936600019,5761.6760831399915
2022,15m,50,78%,2.5,123,123,43,80,0,34.959349593495936,1447.7422435700282,1.2375569082346232,7542.038782150021,6094.296538579993
2022,15m,50,78%,3.0,123,123,39,84,0,31.70731707317073,1473.6496116800208,1.2279454716900955,7938.571247340016,6464.921635659995
2022,15m,50,78%,3.5,123,123,36,87,0,29.268292682926827,1983.5286401400217,1.298470836802272,8629.164982340018,6645.636342199996
2022,15m,50,78%,4.0,123,123,31,92,0,25.203252032520325,1440.750524959998,1.2057997612278357,8441.49006112,7000.739536160001
2022,15m,50,78%,4.5,123,123,28,95,0,22.76422764227642,1625.5792023099993,1.2270683471842805,8784.565571250001,7158.986368940001
2022,15m,50,78%,5.0,123,123,25,98,0,20.32520325203252,1416.9741963600118,1.192617071295425,8773.40520650001,7356.431010139999
2022,15m,100,middle,1.5,44,44,16,28,0,36.36363636363637,-459.5211527499896,0.7649479096958638,1495.454666250006,1954.9758189999957
2022,15m,100,middle,2.0,44,44,13,31,0,29.545454545454547,-489.79333349999615,0.7701825927741933,1641.4348420000024,2131.2281754999985
2022,15m,100,middle,2.5,44,44,13,31,0,29.545454545454547,-79.43462299999555,0.9627282409677417,2051.793552500003,2131.2281754999985
2022,15m,100,middle,3.0,44,44,9,35,0,20.454545454545457,-690.827352499995,0.7105471221258365,1695.8386830000036,2386.6660354999985
2022,15m,100,middle,3.5,44,44,8,36,0,18.181818181818183,-642.7192132499922,0.7364591672162338,1796.0649647500059,2438.784177999998
2022,15m,100,middle,4.0,44,44,7,37,0,15.909090909090908,-636.7064964999827,0.7441813390201389,1852.1912800000136,2488.8977764999963
2022,15m,100,middle,4.5,44,44,6,38,0,13.636363636363635,-707.5823572499849,0.7218491117570669,1836.2971957500122,2543.879552999997
2022,15m,100,middle,5.0,44,44,6,38,0,13.636363636363635,-503.5493354999835,0.8020545686189632,2040.3302175000135,2543.879552999997
2022,15m,100,62%,1.5,44,44,13,31,0,29.545454545454547,-1117.42388811999,0.5773339159537787,1526.3271255000009,2643.7510136199908
2022,15m,100,62%,2.0,44,44,13,31,0,29.545454545454547,-608.6481796199896,0.7697785546050382,2035.1028340000012,2643.7510136199908
2022,15m,100,62%,2.5,44,44,9,35,0,20.454545454545457,-1208.711329239989,0.5917291102483022,1751.8507867000017,2960.5621159399907
2022,15m,100,62%,3.0,44,44,7,37,0,15.909090909090908,-1366.2353346199852,0.5574997387671822,1721.3003220000046,3087.53565661999
2022,15m,100,62%,3.5,44,44,6,38,0,13.636363636363635,-1385.840988449988,0.5608373940501817,1769.8033439100027,3155.6443323599906
2022,15m,100,62%,4.0,44,44,6,38,0,13.636363636363635,-1133.0119393199875,0.6409570217716363,2022.632393040003,3155.6443323599906
2022,15m,100,62%,4.5,44,44,5,39,0,11.363636363636363,-1305.3246973899968,0.5962425688059398,1927.6181453699955,3232.9428427599923
2022,15m,100,62%,5.0,44,44,5,39,0,11.363636363636363,-1091.1449034599973,0.662491743117711,2141.797939299995,3232.9428427599923
2022,15m,100,78%,1.5,44,44,17,27,0,38.63636363636363,-453.70685247998335,0.8459791551145569,2492.042814180002,2945.7496666599855
2022,15m,100,78%,2.0,44,44,14,30,0,31.818181818181817,-465.1405529799795,0.8558353925888432,2761.313993200005,3226.4545461799844
2022,15m,100,78%,2.5,44,44,12,32,0,27.27272727272727,-370.8967755899739,0.890808803714702,3025.8676908500092,3396.764466439983
2022,15m,100,78%,3.0,44,44,9,35,0,20.454545454545457,-936.4082236599843,0.7461920205411131,2753.027489340002,3689.435712999986
2022,15m,100,78%,3.5,44,44,9,35,0,20.454545454545457,-477.57030876998397,0.8705573572979652,3211.8654042300022,3689.435712999986
2022,15m,100,78%,4.0,44,44,7,37,0,15.909090909090908,-1043.2830979799946,0.7321031215148414,2851.0627558399938,3894.3458538199884
2022,15m,100,78%,4.5,44,44,7,37,0,15.909090909090908,-686.9002534999954,0.8236160117041966,3207.445600319993,3894.3458538199884
2022,15m,100,78%,5.0,44,44,6,38,0,13.636363636363635,-821.5131106599893,0.79339128846926,3154.665360099998,3976.1784707599872
2022,15m,150,middle,1.5,11,11,1,10,0,9.090909090909092,-732.4062564999949,0.16727111827698812,147.1192080000019,879.5254644999968
2022,15m,150,middle,2.0,11,11,1,10,0,9.090909090909092,-683.3665204999943,0.22302815770265083,196.15894400000252,879.5254644999968
2022,15m,150,middle,2.5,11,11,1,10,0,9.090909090909092,-634.3267844999937,0.27878519712831357,245.19868000000315,879.5254644999968
2022,15m,150,middle,3.0,11,11,1,10,0,9.090909090909092,-585.287048499993,0.33454223655397625,294.2384160000038,879.5254644999968
2022,15m,150,middle,3.5,11,11,1,10,0,9.090909090909092,-536.2473124999924,0.390299275979639,343.2781520000044,879.5254644999968
2022,15m,150,middle,4.0,11,11,1,10,0,9.090909090909092,-487.2075764999918,0.44605631540530166,392.31788800000504,879.5254644999968
2022,15m,150,middle,4.5,11,11,1,10,0,9.090909090909092,-438.16784049999114,0.5018133548309643,441.35762400000567,879.5254644999968
2022,15m,150,middle,5.0,11,11,1,10,0,9.090909090909092,-389.1281044999905,0.5575703942566271,490.3973600000063,879.5254644999968
2022,15m,150,62%,1.5,11,11,1,10,0,9.090909090909092,-909.0080052999965,0.16698743258982535,182.22163619999992,1091.2296414999964
2022,15m,150,62%,2.0,11,11,1,10,0,9.090909090909092,-848.2674598999965,0.22264991011976712,242.9621815999999,1091.2296414999964
2022,15m,150,62%,2.5,11,11,1,10,0,9.090909090909092,-787.5269144999966,0.2783123876497089,303.70272699999987,1091.2296414999964
2022,15m,150,62%,3.0,11,11,1,10,0,9.090909090909092,-726.7863690999966,0.3339748651796507,364.44327239999984,1091.2296414999964
2022,15m,150,62%,3.5,11,11,1,10,0,9.090909090909092,-666.0458236999966,0.38963734270959244,425.1838177999998,1091.2296414999964
2022,15m,150,62%,4.0,11,11,1,10,0,9.090909090909092,-605.3052782999966,0.44529982023953424,485.9243631999998,1091.2296414999964
2022,15m,150,62%,4.5,11,11,1,10,0,9.090909090909092,-544.5647328999967,0.500962297769476,546.6649085999998,1091.2296414999964
2022,15m,150,62%,5.0,11,11,1,10,0,9.090909090909092,-483.8241874999967,0.5566247752994178,607.4054539999997,1091.2296414999964
2022,15m,150,78%,1.5,11,11,2,9,0,18.181818181818183,-836.8237353999957,0.3307768834791254,413.6168347799994,1250.4405701799951
2022,15m,150,78%,2.0,11,11,2,9,0,18.181818181818183,-698.9514571399959,0.4410358446388339,551.4891130399992,1250.4405701799951
2022,15m,150,78%,2.5,11,11,2,9,0,18.181818181818183,-561.0791788799961,0.5512948057985424,689.361391299999,1250.4405701799951
2022,15m,150,78%,3.0,11,11,1,10,0,9.090909090909092,-915.4521298999971,0.3334904415520173,458.0497475999982,1373.5018774999953
2022,15m,150,78%,3.5,11,11,1,10,0,9.090909090909092,-839.1105052999974,0.38907218181068687,534.3913721999979,1373.5018774999953
2022,15m,150,78%,4.0,11,11,1,10,0,9.090909090909092,-762.7688806999977,0.4446539220693564,610.7329967999976,1373.5018774999953
2022,15m,150,78%,4.5,11,11,1,10,0,9.090909090909092,-686.427256099998,0.500235662328026,687.0746213999973,1373.5018774999953
2022,15m,150,78%,5.0,11,11,1,10,0,9.090909090909092,-610.0856314999983,0.5558174025866955,763.416245999997,1373.5018774999953
2022,15m,200,middle,1.5,2,2,0,2,0,0.0,-212.00436400000035,0.0,0.0,212.00436400000035
2022,15m,200,middle,2.0,2,2,0,2,0,0.0,-212.00436400000035,0.0,0.0,212.00436400000035
2022,15m,200,middle,2.5,2,2,0,2,0,0.0,-212.00436400000035,0.0,0.0,212.00436400000035
2022,15m,200,middle,3.0,2,2,0,2,0,0.0,-212.00436400000035,0.0,0.0,212.00436400000035
2022,15m,200,middle,3.5,2,2,0,2,0,0.0,-212.00436400000035,0.0,0.0,212.00436400000035
2022,15m,200,middle,4.0,2,2,0,2,0,0.0,-212.00436400000035,0.0,0.0,212.00436400000035
2022,15m,200,middle,4.5,2,2,0,2,0,0.0,-212.00436400000035,0.0,0.0,212.00436400000035
2022,15m,200,middle,5.0,2,2,0,2,0,0.0,-212.00436400000035,0.0,0.0,212.00436400000035
2022,15m,200,62%,1.5,2,2,0,2,0,0.0,-263.15917768000145,0.0,0.0,263.15917768000145
2022,15m,200,62%,2.0,2,2,0,2,0,0.0,-263.15917768000145,0.0,0.0,263.15917768000145
2022,15m,200,62%,2.5,2,2,0,2,0,0.0,-263.15917768000145,0.0,0.0,263.15917768000145
2022,15m,200,62%,3.0,2,2,0,2,0,0.0,-263.15917768000145,0.0,0.0,263.15917768000145
2022,15m,200,62%,3.5,2,2,0,2,0,0.0,-263.15917768000145,0.0,0.0,263.15917768000145
2022,15m,200,62%,4.0,2,2,0,2,0,0.0,-263.15917768000145,0.0,0.0,263.15917768000145
2022,15m,200,62%,4.5,2,2,0,2,0,0.0,-263.15917768000145,0.0,0.0,263.15917768000145
2022,15m,200,62%,5.0,2,2,0,2,0,0.0,-263.15917768000145,0.0,0.0,263.15917768000145
2022,15m,200,78%,1.5,2,2,0,2,0,0.0,-331.3655959200005,0.0,0.0,331.3655959200005
2022,15m,200,78%,2.0,2,2,0,2,0,0.0,-331.3655959200005,0.0,0.0,331.3655959200005
2022,15m,200,78%,2.5,2,2,0,2,0,0.0,-331.3655959200005,0.0,0.0,331.3655959200005
2022,15m,200,78%,3.0,2,2,0,2,0,0.0,-331.3655959200005,0.0,0.0,331.3655959200005
2022,15m,200,78%,3.5,2,2,0,2,0,0.0,-331.3655959200005,0.0,0.0,331.3655959200005
2022,15m,200,78%,4.0,2,2,0,2,0,0.0,-331.3655959200005,0.0,0.0,331.3655959200005
2022,15m,200,78%,4.5,2,2,0,2,0,0.0,-331.3655959200005,0.0,0.0,331.3655959200005
2022,15m,200,78%,5.0,2,2,0,2,0,0.0,-331.3655959200005,0.0,0.0,331.3655959200005
2023,5m,50,middle,1.5,23,23,11,12,0,47.82608695652174,149.7598017499904,1.365878534488473,559.0754287499904,409.31562699999995
2023,5m,50,middle,2.0,23,23,8,15,0,34.78260869565217,46.04242649999105,1.090991575121207,552.0500039999897,506.00757749999866
2023,5m,50,middle,2.5,23,23,7,16,0,30.434782608695656,84.16690149999158,1.157454628637621,618.7139149999894,534.5470134999978
2023,5m,50,middle,3.0,23,23,7,16,0,30.434782608695656,207.90968449998945,1.3889455543651452,742.4566979999872,534.5470134999978
2023,5m,50,middle,3.5,23,23,7,16,0,30.434782608695656,331.6524674999873,1.6204364800926696,866.1994809999851,534.5470134999978
2023,5m,50,middle,4.0,23,23,6,17,0,26.08695652173913,300.04511799998727,1.5304739722834175,865.6621579999846,565.6170399999974
2023,5m,50,middle,4.5,23,23,6,17,0,26.08695652173913,408.25288774998535,1.7217832188188447,973.8699277499827,565.6170399999974
2023,5m,50,middle,5.0,23,23,5,18,0,21.73913043478261,302.230414499978,1.5026098729796749,903.5524949999763,601.3220804999983
2023,5m,50,62%,1.5,23,23,9,14,0,39.130434782608695,-27.34348434000458,0.9538753678284566,565.4739117599947,592.8173960999993
2023,5m,50,62%,2.0,23,23,8,15,0,34.78260869565217,54.77867021999555,1.087189171395953,683.0524494399942,628.2737792199987
2023,5m,50,62%,2.5,23,23,8,15,0,34.78260869565217,225.5417825799941,1.3589864642449412,853.8155617999928,628.2737792199987
2023,5m,50,62%,3.0,23,23,7,16,0,30.434782608695656,241.92763357999138,1.3627818387976947,908.7957281399904,666.868094559999
2023,5m,50,62%,3.5,23,23,7,16,0,30.434782608695656,393.3935882699898,1.589912145263977,1060.2616828299888,666.868094559999
2023,5m,50,62%,4.0,23,23,6,17,0,26.08695652173913,323.48829185999784,1.4548854307924441,1034.630636639995,711.1423447799971
2023,5m,50,62%,4.5,23,23,4,19,0,17.391304347826086,20.127345129995774,1.0254836773981637,809.9405583299931,789.8132131999973
2023,5m,50,62%,5.0,23,23,4,19,0,17.391304347826086,110.12074049999501,1.1394263082201819,899.9339536999923,789.8132131999973
2023,5m,50,78%,1.5,23,23,8,15,0,34.78260869565217,-144.723205660006,0.8168021785396414,645.2600185199935,789.9832241799995
2023,5m,50,78%,2.0,23,23,8,15,0,34.78260869565217,70.36346717999186,1.0890695713861887,860.3466913599914,789.9832241799995
2023,5m,50,78%,2.5,23,23,7,16,0,30.434782608695656,115.25668840999151,1.137437782482087,953.8666130499905,838.609924639999
2023,5m,50,78%,3.0,23,23,7,16,0,30.434782608695656,306.0300110199896,1.3649253389785043,1144.6399356599886,838.609924639999
2023,5m,50,78%,3.5,23,23,5,18,0,21.73913043478261,50.11859621998974,1.0534385631664243,987.9917958399883,937.8731996199986
2023,5m,50,78%,4.0,23,23,5,18,0,21.73913043478261,191.26028133998807,1.2039297864759135,1129.1334809599866,937.8731996199986
2023,5m,50,78%,4.5,23,23,5,18,0,21.73913043478261,332.4019664599864,1.3544210097854026,1270.275166079985,937.8731996199986
2023,5m,50,78%,5.0,23,23,4,19,0,17.391304347826086,139.3444724999972,1.1402458236008426,1132.9175352999937,993.5730627999965
2023,5m,100,middle,1.5,1,1,0,1,0,0.0,-54.82945850000033,0.0,0.0,54.82945850000033
2023,5m,100,middle,2.0,1,1,0,1,0,0.0,-54.82945850000033,0.0,0.0,54.82945850000033
2023,5m,100,middle,2.5,1,1,0,1,0,0.0,-54.82945850000033,0.0,0.0,54.82945850000033
2023,5m,100,middle,3.0,1,1,0,1,0,0.0,-54.82945850000033,0.0,0.0,54.82945850000033
2023,5m,100,middle,3.5,1,1,0,1,0,0.0,-54.82945850000033,0.0,0.0,54.82945850000033
2023,5m,100,middle,4.0,1,1,0,1,0,0.0,-54.82945850000033,0.0,0.0,54.82945850000033
2023,5m,100,middle,4.5,1,1,0,1,0,0.0,-54.82945850000033,0.0,0.0,54.82945850000033
2023,5m,100,middle,5.0,1,1,0,1,0,0.0,-54.82945850000033,0.0,0.0,54.82945850000033
2023,5m,100,62%,1.5,1,1,0,1,0,0.0,-67.85356381999918,0.0,0.0,67.85356381999918
2023,5m,100,62%,2.0,1,1,0,1,0,0.0,-67.85356381999918,0.0,0.0,67.85356381999918
2023,5m,100,62%,2.5,1,1,0,1,0,0.0,-67.85356381999918,0.0,0.0,67.85356381999918
2023,5m,100,62%,3.0,1,1,0,1,0,0.0,-67.85356381999918,0.0,0.0,67.85356381999918
2023,5m,100,62%,3.5,1,1,0,1,0,0.0,-67.85356381999918,0.0,0.0,67.85356381999918
2023,5m,100,62%,4.0,1,1,0,1,0,0.0,-67.85356381999918,0.0,0.0,67.85356381999918
2023,5m,100,62%,4.5,1,1,0,1,0,0.0,-67.85356381999918,0.0,0.0,67.85356381999918
2023,5m,100,62%,5.0,1,1,0,1,0,0.0,-67.85356381999918,0.0,0.0,67.85356381999918
2023,5m,100,78%,1.5,1,1,0,1,0,0.0,-85.21903758000008,0.0,0.0,85.21903758000008
2023,5m,100,78%,2.0,1,1,0,1,0,0.0,-85.21903758000008,0.0,0.0,85.21903758000008
2023,5m,100,78%,2.5,1,1,0,1,0,0.0,-85.21903758000008,0.0,0.0,85.21903758000008
2023,5m,100,78%,3.0,1,1,0,1,0,0.0,-85.21903758000008,0.0,0.0,85.21903758000008
2023,5m,100,78%,3.5,1,1,0,1,0,0.0,-85.21903758000008,0.0,0.0,85.21903758000008
2023,5m,100,78%,4.0,1,1,0,1,0,0.0,-85.21903758000008,0.0,0.0,85.21903758000008
2023,5m,100,78%,4.5,1,1,0,1,0,0.0,-85.21903758000008,0.0,0.0,85.21903758000008
2023,5m,100,78%,5.0,1,1,0,1,0,0.0,-85.21903758000008,0.0,0.0,85.21903758000008
2023,15m,50,middle,1.5,70,70,30,40,0,42.857142857142854,75.51011600001038,1.0500152978617712,1585.250520000005,1509.7404039999947
2023,15m,50,middle,2.0,70,70,25,45,0,35.714285714285715,77.49532750000981,1.0459853533924686,1762.7129410000052,1685.2176134999954
2023,15m,50,middle,2.5,70,70,24,46,0,34.285714285714285,403.71407250001084,1.2350016276220563,2121.6343975000063,1717.9203249999955
2023,15m,50,middle,3.0,70,70,23,47,0,32.857142857142854,721.3417020000215,1.4134722644210191,2465.9368395000147,1744.5951374999931
2023,15m,50,middle,3.5,70,70,21,49,0,30.0,867.4392130000188,1.4809861068957846,2670.899231000013,1803.4600179999943
2023,15m,50,middle,4.0,70,70,17,53,0,24.285714285714285,462.28148600000713,1.2357613146618234,2423.084456000004,1960.802969999997
2023,15m,50,middle,4.5,70,70,16,54,0,22.857142857142858,564.0059592500029,1.2823732114964228,2561.3836717500008,1997.3777124999979
2023,15m,50,middle,5.0,70,70,13,57,0,18.571428571428573,311.84289400002126,1.1494332122595265,2398.680815000016,2086.837920999995
2023,15m,50,62%,1.5,70,70,29,41,0,41.42857142857143,41.60074756000904,1.021979407935708,1934.3154049199984,1892.7146573599894
2023,15m,50,62%,2.0,70,70,28,42,0,40.0,564.9188535400135,1.2922196775902333,2498.118076120001,1933.1992225799877
2023,15m,50,62%,2.5,70,70,25,45,0,35.714285714285715,788.7096497100165,1.385169307114938,2836.4056502500034,2047.696000539987
2023,15m,50,62%,3.0,70,70,22,48,0,31.428571428571427,699.2369788000142,1.3161272635889452,2911.121429580002,2211.8844507799877
2023,15m,50,62%,3.5,70,70,20,50,0,28.57142857142857,898.068399370004,1.3946653041531472,3173.587402229994,2275.51900285999
2023,15m,50,62%,4.0,70,70,16,54,0,22.857142857142858,571.0113248600137,1.234829044608763,3002.6156684000016,2431.604343539988
2023,15m,50,62%,4.5,70,70,14,56,0,20.0,524.3579609100207,1.2090468044264384,3032.6859994500073,2508.3280385399867
2023,15m,50,62%,5.0,70,70,13,57,0,18.571428571428573,587.5569997600287,1.2300576301279769,3141.512717000014,2553.9557172399855
2023,15m,50,78%,1.5,70,70,31,39,0,44.285714285714285,342.9081557900008,1.1514117743515053,2607.64719116999,2264.739035379989
2023,15m,50,78%,2.0,70,70,27,43,0,38.57142857142858,657.3633945399961,1.2683489175713,3107.0225937999858,2449.6591992599897
2023,15m,50,78%,2.5,70,70,23,47,0,32.857142857142854,524.154201119989,1.193439877753456,3233.8033551999797,2709.6491540799907
2023,15m,50,78%,3.0,70,70,20,50,0,28.57142857142857,614.8247854399742,1.21582858799477,3463.4964611999676,2848.6716757599934
2023,15m,50,78%,3.5,70,70,17,53,0,24.285714285714285,573.0344208399756,1.1918918690206814,3559.2704909999675,2986.236070159992
2023,15m,50,78%,4.0,70,70,16,54,0,22.857142857142858,794.8436523399778,1.2611552426118622,3838.4113187999683,3043.5676664599905
2023,15m,50,78%,4.5,70,70,16,54,0,22.857142857142858,1274.6450671899738,1.418799647938345,4318.212733649964,3043.5676664599905
2023,15m,50,78%,5.0,70,70,14,56,0,20.0,1155.937685439978,1.367744297251344,4299.256817999967,3143.319132559989
2023,15m,100,middle,1.5,7,7,3,4,0,42.857142857142854,16.198214750005718,1.0621109740942631,276.9929452500037,260.79473049999797
2023,15m,100,middle,2.0,7,7,3,4,0,42.857142857142854,108.52919650000695,1.4161479654590177,369.3239270000049,260.79473049999797
2023,15m,100,middle,2.5,7,7,3,4,0,42.857142857142854,200.86017825000818,1.770184956823772,461.65490875000614,260.79473049999797
2023,15m,100,middle,3.0,7,7,3,4,0,42.857142857142854,293.1911600000094,2.1242219481885263,553.9858905000074,260.79473049999797
2023,15m,100,middle,3.5,7,7,3,4,0,42.857142857142854,385.52214175001063,2.478258939553281,646.3168722500086,260.79473049999797
2023,15m,100,middle,4.0,7,7,2,5,0,28.57142857142857,177.69698100001187,1.55387345074534,498.52294000000984,320.82595899999797
2023,15m,100,middle,4.5,7,7,2,5,0,28.57142857142857,240.0123485000131,1.7481076320885076,560.8383075000111,320.82595899999797
2023,15m,100,middle,5.0,7,7,2,5,0,28.57142857142857,302.32771600001433,1.9423418134316752,623.1536750000123,320.82595899999797
2023,15m,100,62%,1.5,7,7,4,3,0,57.14285714285714,213.83144051,1.86906924780638,459.87793340999906,246.04649289999907
2023,15m,100,62%,2.0,7,7,4,3,0,57.14285714285714,367.1240849799997,2.4920923304085068,613.1705778799987,246.04649289999907
2023,15m,100,62%,2.5,7,7,4,3,0,57.14285714285714,520.4167294499994,3.115115413010633,766.4632223499984,246.04649289999907
2023,15m,100,62%,3.0,7,7,3,4,0,42.857142857142854,375.9544805600017,2.1730790111655716,696.4396968000001,320.4852162399984
2023,15m,100,62%,3.5,7,7,3,4,0,42.857142857142854,492.0277633600017,2.5352588463598336,812.5129796000001,320.4852162399984
2023,15m,100,62%,4.0,7,7,3,4,0,42.857142857142854,608.1010461600017,2.897438681554095,928.5862624000001,320.4852162399984
2023,15m,100,62%,4.5,7,7,3,4,0,42.857142857142854,724.1743289600017,3.259618516748357,1044.6595452000001,320.4852162399984
2023,15m,100,62%,5.0,7,7,3,4,0,42.857142857142854,840.2476117600017,3.621798351942619,1160.7328280000002,320.4852162399984
2023,15m,100,78%,1.5,7,7,4,3,0,57.14285714285714,269.26053818999935,1.8696626591004795,578.8754622899996,309.6149241000003
2023,15m,100,78%,2.0,7,7,4,3,0,57.14285714285714,462.21902561999923,2.492883545467306,771.8339497199995,309.6149241000003
2023,15m,100,78%,2.5,7,7,3,4,0,42.857142857142854,327.4070054399981,1.8118931946984793,730.6706459999987,403.26364056000057
2023,15m,100,78%,3.0,7,7,3,4,0,42.857142857142854,473.54113463999784,2.174271833638175,876.8047751999984,403.26364056000057
2023,15m,100,78%,3.5,7,7,3,4,0,42.857142857142854,619.6752638399976,2.536650472577871,1022.9389043999981,403.26364056000057
2023,15m,100,78%,4.0,7,7,3,4,0,42.857142857142854,765.8093930399973,2.899029111517567,1169.0730335999979,403.26364056000057
2023,15m,100,78%,4.5,7,7,3,4,0,42.857142857142854,911.943522239997,3.2614077504572627,1315.2071627999976,403.26364056000057
2023,15m,100,78%,5.0,7,7,3,4,0,42.857142857142854,1058.0776514399968,3.6237863893969586,1461.3412919999973,403.26364056000057
2024,5m,50,middle,1.5,32,32,19,13,0,59.375,506.7147702500042,2.059163045246913,985.1253157499923,478.4105454999881
2024,5m,50,middle,2.0,32,32,17,15,0,53.125,650.3405634999981,2.204348540213733,1190.3342129999874,539.9936494999893
2024,5m,50,middle,2.5,32,32,14,18,0,43.75,568.8243519999833,1.877398501663703,1217.1322199999759,648.3078679999926
2024,5m,50,middle,3.0,32,32,14,18,0,43.75,812.2507959999784,2.2528782019964435,1460.558663999971,648.3078679999926
2024,5m,50,middle,3.5,32,32,14,18,0,43.75,1055.6772399999736,2.628357902329184,1703.9851079999662,648.3078679999926
2024,5m,50,middle,4.0,32,32,13,19,0,40.625,1170.163013999976,2.7358996500916666,1844.2590159999672,674.0960019999911
2024,5m,50,middle,4.5,32,32,12,20,0,37.5,1223.4019669999761,2.732051506377657,1929.7331369999665,706.3311699999904
2024,5m,50,middle,5.0,32,32,12,20,0,37.5,1437.8167599999724,3.035612784864063,2144.147929999963,706.3311699999904
2024,5m,50,62%,1.5,32,32,19,13,0,59.375,677.0958347000142,2.178570299032318,1251.6019420200046,574.5061073199904
2024,5m,50,62%,2.0,32,32,16,16,0,50.0,690.4098488200143,1.9735943979150987,1399.5448338800052,709.1349850599909
2024,5m,50,62%,2.5,32,32,16,16,0,50.0,1040.2960572900156,2.4669929973938736,1749.4310423500065,709.1349850599909
2024,5m,50,62%,3.0,32,32,15,17,0,46.875,1153.797913440012,2.501889149997659,1922.0289865800041,768.2310731399921
2024,5m,50,62%,3.5,32,32,14,18,0,43.75,1330.238290150015,2.662364901203587,2130.4466494500066,800.2083592999916
2024,5m,50,62%,4.0,32,32,13,19,0,40.625,1433.8013971000255,2.7061637519837274,2274.167039280015,840.3656421799897
2024,5m,50,62%,4.5,32,32,13,19,0,40.625,1718.0722770100274,3.0444342209816933,2558.437919190017,840.3656421799897
2024,5m,50,62%,5.0,32,32,13,19,0,40.625,2002.3431569200293,3.382704689979659,2842.708799100019,840.3656421799897
2024,5m,50,78%,1.5,32,32,17,15,0,53.125,547.0845698500143,1.6470484195354593,1392.5924999100043,845.50793005999
2024,5m,50,78%,2.0,32,32,17,15,0,53.125,1011.2820698200157,2.1960645593806127,1856.7899998800058,845.50793005999
2024,5m,50,78%,2.5,32,32,14,18,0,43.75,910.3340390500107,1.9040256740376855,1917.3121207500026,1006.9780816999919
2024,5m,50,78%,3.0,32,32,13,19,0,40.625,1090.9160523200153,2.0314058097000895,2148.614236740006,1057.6981844199909
2024,5m,50,78%,3.5,32,32,13,19,0,40.625,1449.0184251100163,2.3699734446501046,2506.716609530007,1057.6981844199909
2024,5m,50,78%,4.0,32,32,13,19,0,40.625,1807.1207979000174,2.7085410796001193,2864.818982320008,1057.6981844199909
2024,5m,50,78%,4.5,32,32,12,20,0,37.5,1797.1336586800207,2.59798686262307,2921.757208920011,1124.6235502399904
2024,5m,50,78%,5.0,32,32,11,21,0,34.375,1735.910655760028,2.460056367436458,2924.8446548000175,1188.9339990399894
2024,5m,100,middle,1.5,2,2,1,1,0,50.0,33.14006099999824,1.586605095547967,89.63473049999811,56.49466949999987
2024,5m,100,middle,2.0,2,2,1,1,0,50.0,63.01830449999761,2.1154734607306227,119.51297399999748,56.49466949999987
2024,5m,100,middle,2.5,2,2,1,1,0,50.0,92.89654799999698,2.6443418259132785,149.39121749999686,56.49466949999987
2024,5m,100,middle,3.0,2,2,1,1,0,50.0,122.77479149999635,3.173210191095934,179.26946099999623,56.49466949999987
2024,5m,100,middle,3.5,2,2,1,1,0,50.0,152.65303499999573,3.7020785562785896,209.1477044999956,56.49466949999987
2024,5m,100,middle,4.0,2,2,1,1,0,50.0,182.5312784999951,4.230946921461245,239.02594799999497,56.49466949999987
2024,5m,100,middle,4.5,2,2,1,1,0,50.0,212.40952199999447,4.759815286643901,268.90419149999434,56.49466949999987
2024,5m,100,middle,5.0,2,2,1,1,0,50.0,242.28776549999384,5.288683651826557,298.7824349999937,56.49466949999987
2024,5m,100,62%,1.5,2,2,1,1,0,50.0,41.43812340000295,1.5920513136143952,111.42888678000236,69.99076337999941
2024,5m,100,62%,2.0,2,2,1,1,0,50.0,78.58108566000374,2.1227350848191935,148.57184904000314,69.99076337999941
2024,5m,100,62%,2.5,2,2,1,1,0,50.0,115.72404792000452,2.653418856023992,185.71481130000393,69.99076337999941
2024,5m,100,62%,3.0,2,2,1,1,0,50.0,152.8670101800053,3.1841026272287904,222.85777356000472,69.99076337999941
2024,5m,100,62%,3.5,2,2,1,1,0,50.0,190.0099724400061,3.7147863984335885,260.0007358200055,69.99076337999941
2024,5m,100,62%,4.0,2,2,1,1,0,50.0,227.15293470000688,4.245470169638387,297.1436980800063,69.99076337999941
2024,5m,100,62%,4.5,2,2,1,1,0,50.0,264.29589696000767,4.7761539408431855,334.2866603400071,69.99076337999941
2024,5m,100,62%,5.0,2,2,1,1,0,50.0,301.43885922000845,5.306837712047984,371.42962260000786,69.99076337999941
2024,5m,100,78%,1.5,2,2,1,1,0,50.0,52.502206600003774,1.596713931834918,140.48776182000256,87.98555521999879
2024,5m,100,78%,2.0,2,2,1,1,0,50.0,99.33146054000463,2.128951909113224,187.31701576000341,87.98555521999879
2024,5m,100,78%,2.5,2,2,1,1,0,50.0,146.16071448000548,2.66118988639153,234.14626970000427,87.98555521999879
2024,5m,100,78%,3.0,2,2,1,1,0,50.0,192.98996842000633,3.193427863669836,280.9755236400051,87.98555521999879
2024,5m,100,78%,3.5,2,2,1,1,0,50.0,239.8192223600072,3.725665840948142,327.804777580006,87.98555521999879
2024,5m,100,78%,4.0,2,2,1,1,0,50.0,286.64847630000804,4.257903818226448,374.63403152000683,87.98555521999879
2024,5m,100,78%,4.5,2,2,1,1,0,50.0,333.4777302400089,4.790141795504754,421.4632854600077,87.98555521999879
2024,5m,100,78%,5.0,2,2,1,1,0,50.0,380.30698418000975,5.32237977278306,468.29253940000854,87.98555521999879
2024,15m,50,middle,1.5,85,85,39,46,0,45.88235294117647,778.2286275000115,1.4444980481260608,2529.031878000009,1750.8032504999974
2024,15m,50,middle,2.0,85,85,37,48,0,43.529411764705884,1234.7327940000032,1.6568989932452123,3114.3715310000043,1879.6387370000011
2024,15m,50,middle,2.5,85,85,35,50,0,41.17647058823529,1784.8650527499976,1.9177093619562484,3729.7782537500007,1944.913201000003
2024,15m,50,middle,3.0,85,85,30,55,0,35.294117647058826,1664.8604435000052,1.7702683111889053,3826.2637095000064,2161.403266000001
2024,15m,50,middle,3.5,85,85,25,60,0,29.411764705882355,1524.2994164999927,1.6529859578250405,3858.651936999997,2334.352520500004
2024,15m,50,middle,4.0,85,85,22,63,0,25.882352941176475,1295.7085724999706,1.5202984643059816,3786.026459999979,2490.3178875000085
2024,15m,50,middle,4.5,85,85,22,63,0,25.882352941176475,1768.961879999968,1.7103357723442292,4259.2797674999765,2490.3178875000085
2024,15m,50,middle,5.0,85,85,21,64,0,24.705882352941178,1915.7374094999504,1.7528251599274358,4460.468259999961,2544.730850500011
2024,15m,50,62%,1.5,85,85,40,45,0,47.05882352941176,1130.2071251400012,1.537151263285225,3234.2832064799913,2104.07608133999
2024,15m,50,62%,2.0,85,85,37,48,0,43.529411764705884,1617.592688159999,1.703001925994454,3918.571715879989,2300.97902771999
2024,15m,50,62%,2.5,85,85,30,55,0,35.294117647058826,1344.3156255899903,1.50558021289996,4003.271793749982,2658.9561681599916
2024,15m,50,62%,3.0,85,85,27,58,0,31.76470588235294,1564.5512902599876,1.5579591095186869,4368.612131939979,2804.0608416799914
2024,15m,50,62%,3.5,85,85,25,60,0,29.411764705882355,1704.4161576899933,1.580764498906611,4639.196367049983,2934.7802093599894
2024,15m,50,62%,4.0,85,85,23,62,0,27.058823529411764,1799.4327229399787,1.5903020537854244,4847.7580868799705,3048.325363939992
2024,15m,50,62%,4.5,85,85,21,64,0,24.705882352941178,1896.8680104299965,1.6039468793360327,5037.654187709984,3140.786177279988
2024,15m,50,62%,5.0,85,85,20,64,1,23.52941176470588,1930.685606019997,1.614714118390583,5071.471783299985,3140.786177279988
2024,15m,50,78%,1.5,85,85,42,43,0,49.411764705882355,1507.481941760032,1.5771550544713056,4119.400402980022,2611.9184612199897
2024,15m,50,78%,2.0,85,85,35,50,0,41.17647058823529,1528.729638340028,1.4991693556353178,4591.276689920021,3062.5470515799934
2024,15m,50,78%,2.5,85,85,30,55,0,35.294117647058826,1447.6216365200198,1.424066186126479,4861.290737900017,3413.6691013799973
2024,15m,50,78%,3.0,85,85,28,57,0,32.94117647058823,2012.6538234600193,1.572512529543222,5528.129415000018,3515.4755915399983
2024,15m,50,78%,3.5,85,85,25,60,0,29.411764705882355,2027.5819698700216,1.5455029511202742,5744.48572943002,3716.9037595599984
2024,15m,50,78%,4.0,85,85,24,60,1,28.235294117647058,2319.4400976400175,1.624024792590968,6036.343857200016,3716.9037595599984
2024,15m,50,78%,4.5,85,85,23,61,1,27.058823529411764,2763.0539191600037,1.7322381178404453,6536.490253380005,3773.4363342200013
2024,15m,50,78%,5.0,85,85,22,62,1,25.882352941176475,3138.494803020003,1.8190421088024458,6970.4037724000045,3831.9089693800015
2024,15m,100,middle,1.5,15,15,8,7,0,53.333333333333336,484.8691767500168,2.2305714541086545,878.888699250012,394.0195224999952
2024,15m,100,middle,2.0,15,15,7,8,0,46.666666666666664,496.22565100001157,2.0170885825101097,984.1139820000099,487.8883309999983
2024,15m,100,middle,2.5,15,15,7,8,0,46.666666666666664,742.254146500014,2.5213607281376373,1230.1424775000123,487.8883309999983
2024,15m,100,middle,3.0,15,15,6,9,0,40.0,764.9134140000206,2.4067874063775387,1308.6440520000178,543.7306379999973
2024,15m,100,middle,3.5,15,15,6,9,0,40.0,983.0207560000235,2.8079186407737953,1526.7513940000208,543.7306379999973
2024,15m,100,middle,4.0,15,15,4,11,0,26.666666666666668,563.5164805000204,1.8394994328826089,1234.769442000019,671.2529614999985
2024,15m,100,middle,4.5,15,15,4,11,0,26.666666666666668,717.8626607500228,2.069436861992935,1389.1156222500213,671.2529614999985
2024,15m,100,middle,5.0,15,15,3,12,0,20.0,545.7310630000102,1.7520417379058144,1271.3969875000112,725.665924500001
2024,15m,100,62%,1.5,15,15,8,7,0,53.333333333333336,598.5179302100041,2.224068543899315,1087.475785709994,488.9578554999898
2024,15m,100,62%,2.0,15,15,7,8,0,46.666666666666664,612.7462641999991,2.012727209830402,1217.79198455999,605.0457203599908
2024,15m,100,62%,2.5,15,15,6,9,0,40.0,674.619454159998,2.000395410706247,1348.9722619999884,674.3528078399904
2024,15m,100,62%,3.0,15,15,5,10,0,33.33333333333333,693.711981280001,1.941228432453581,1430.7402704399901,737.0282891599891
2024,15m,100,62%,3.5,15,15,4,11,0,26.666666666666668,501.79825831000926,1.60264038612626,1334.4644218499961,832.6661635399869
2024,15m,100,62%,4.0,15,15,3,12,0,20.0,354.45674666000195,1.3937262024592576,1254.7187674399902,900.2620207799882
2024,15m,100,62%,4.5,15,15,3,12,0,20.0,511.2965925900007,1.5679419777666648,1411.558613369989,900.2620207799882
2024,15m,100,62%,5.0,15,15,2,12,1,13.333333333333334,142.2146799200018,1.1579703204593557,1042.47670069999,900.2620207799882
2024,15m,100,78%,1.5,15,15,8,7,0,53.333333333333336,591.704494890002,1.8715887884230105,1270.5848370300027,678.8803421400007
2024,15m,100,78%,2.0,15,15,7,8,0,46.666666666666664,753.4523895400016,1.9834389629414908,1519.5928598000028,766.1404702600012
2024,15m,100,78%,2.5,15,15,5,10,0,33.33333333333333,435.5623759400114,1.4511222427333421,1401.07091150001,965.5085355599986
2024,15m,100,78%,3.0,15,15,5,10,0,33.33333333333333,715.7765582400134,1.7413466912800106,1681.285093800012,965.5085355599986
2024,15m,100,78%,3.5,15,15,4,11,0,26.666666666666668,612.7120175200052,1.5831567110315596,1663.393602640006,1050.6815851200008
2024,15m,100,78%,4.0,15,15,3,11,1,20.0,321.5569843199992,1.3060460836793608,1372.23856944,1050.6815851200008
2024,15m,100,78%,4.5,15,15,3,11,1,20.0,493.0868054999992,1.4693018441392809,1543.76839062,1050.6815851200008
2024,15m,100,78%,5.0,15,15,3,11,1,20.0,664.6166266799992,1.632557604599201,1715.2982118,1050.6815851200008
2024,15m,150,middle,1.5,4,4,4,0,0,100.0,559.9922002500043,0.0,559.9922002500043,0.0
2024,15m,150,middle,2.0,4,4,3,1,0,75.0,465.04984149999655,5.95425316387159,558.9186499999996,93.86880850000307
2024,15m,150,middle,2.5,4,4,3,1,0,75.0,604.7795039999965,7.442816454839487,698.6483124999995,93.86880850000307
2024,15m,150,middle,3.0,4,4,3,1,0,75.0,744.5091664999964,8.931379745807384,838.3779749999994,93.86880850000307
2024,15m,150,middle,3.5,4,4,3,1,0,75.0,884.2388289999963,10.419943036775281,978.1076374999993,93.86880850000307
2024,15m,150,middle,4.0,4,4,2,2,0,50.0,639.080589000001,4.740673670310897,809.9269780000031,170.8463890000021
2024,15m,150,middle,4.5,4,4,2,2,0,50.0,740.3214612500014,5.333257879099759,911.1678502500035,170.8463890000021
2024,15m,150,middle,5.0,4,4,2,2,0,50.0,841.5623335000018,5.925842087888621,1012.4087225000039,170.8463890000021
2024,15m,150,62%,1.5,4,4,4,0,0,100.0,691.5766313099939,0.0,691.5766313099939,0.0
2024,15m,150,62%,2.0,4,4,3,1,0,75.0,573.8385804999889,5.9431401050576955,689.9264453599899,116.08786486000099
2024,15m,150,62%,2.5,4,4,3,1,0,75.0,746.3201918399864,7.42892513132212,862.4080566999874,116.08786486000099
2024,15m,150,62%,3.0,4,4,3,1,0,75.0,918.8018031799838,8.914710157586544,1034.8896680399848,116.08786486000099
2024,15m,150,62%,3.5,4,4,2,2,0,50.0,660.9129798099912,4.121552354391935,872.63871904999,211.7257392399988
2024,15m,150,62%,4.0,4,4,2,2,0,50.0,785.5756539599897,4.710345547876497,997.3013931999885,211.7257392399988
2024,15m,150,62%,4.5,4,4,2,2,0,50.0,910.2383281099883,5.299138741361059,1121.964067349987,211.7257392399988
2024,15m,150,62%,5.0,4,4,1,2,1,25.0,508.97924365998915,3.4039554448457623,720.704982899988,211.7257392399988
2024,15m,150,78%,1.5,4,4,3,1,0,75.0,502.7393560399978,4.45019602206671,648.4526293800009,145.71327334000307
2024,15m,150,78%,2.0,4,4,3,1,0,75.0,718.8902324999981,5.933594696088947,864.6035058400012,145.71327334000307
2024,15m,150,78%,2.5,4,4,2,2,0,50.0,513.2271771900032,2.9277474713860303,779.4587167500049,266.2315395600017
2024,15m,150,78%,3.0,4,4,2,2,0,50.0,669.1189205400042,3.5132969656632365,935.3504601000059,266.2315395600017
2024,15m,150,78%,3.5,4,4,2,2,0,50.0,825.0106638900052,4.098846459940443,1091.2422034500069,266.2315395600017
2024,15m,150,78%,4.0,4,4,1,2,1,25.0,452.1197165199992,2.6982199677288916,718.3512560800009,266.2315395600017
2024,15m,150,78%,4.5,4,4,1,2,1,25.0,541.9136235299993,3.035497463695003,808.145163090001,266.2315395600017
2024,15m,150,78%,5.0,4,4,1,2,1,25.0,631.7075305399994,3.3727749596611143,897.9390701000011,266.2315395600017
2024,15m,200,middle,1.5,1,1,1,0,0,100.0,176.33382524999615,0.0,176.33382524999615,0.0
2024,15m,200,middle,2.0,1,1,1,0,0,100.0,235.11176699999487,0.0,235.11176699999487,0.0
2024,15m,200,middle,2.5,1,1,1,0,0,100.0,293.8897087499936,0.0,293.8897087499936,0.0
2024,15m,200,middle,3.0,1,1,1,0,0,100.0,352.6676504999923,0.0,352.6676504999923,0.0
2024,15m,200,middle,3.5,1,1,1,0,0,100.0,411.445592249991,0.0,411.445592249991,0.0
2024,15m,200,middle,4.0,1,1,1,0,0,100.0,470.22353399998974,0.0,470.22353399998974,0.0
2024,15m,200,middle,4.5,1,1,1,0,0,100.0,529.0014757499885,0.0,529.0014757499885,0.0
2024,15m,200,middle,5.0,1,1,1,0,0,100.0,587.7794174999872,0.0,587.7794174999872,0.0
2024,15m,200,62%,1.5,1,1,1,0,0,100.0,216.2114948699964,0.0,216.2114948699964,0.0
2024,15m,200,62%,2.0,1,1,1,0,0,100.0,288.2819931599952,0.0,288.2819931599952,0.0
2024,15m,200,62%,2.5,1,1,1,0,0,100.0,360.352491449994,0.0,360.352491449994,0.0
2024,15m,200,62%,3.0,1,1,1,0,0,100.0,432.4229897399928,0.0,432.4229897399928,0.0
2024,15m,200,62%,3.5,1,1,1,0,0,100.0,504.49348802999157,0.0,504.49348802999157,0.0
2024,15m,200,62%,4.0,1,1,1,0,0,100.0,576.5639863199904,0.0,576.5639863199904,0.0
2024,15m,200,62%,4.5,1,1,1,0,0,100.0,648.6344846099892,0.0,648.6344846099892,0.0
2024,15m,200,62%,5.0,1,1,1,0,0,100.0,720.704982899988,0.0,720.704982899988,0.0
2024,15m,200,78%,1.5,1,1,1,0,0,100.0,269.38172103000034,0.0,269.38172103000034,0.0
2024,15m,200,78%,2.0,1,1,1,0,0,100.0,359.17562804000045,0.0,359.17562804000045,0.0
2024,15m,200,78%,2.5,1,1,1,0,0,100.0,448.96953505000056,0.0,448.96953505000056,0.0
2024,15m,200,78%,3.0,1,1,1,0,0,100.0,538.7634420600007,0.0,538.7634420600007,0.0
2024,15m,200,78%,3.5,1,1,1,0,0,100.0,628.5573490700008,0.0,628.5573490700008,0.0
2024,15m,200,78%,4.0,1,1,1,0,0,100.0,718.3512560800009,0.0,718.3512560800009,0.0
2024,15m,200,78%,4.5,1,1,1,0,0,100.0,808.145163090001,0.0,808.145163090001,0.0
2024,15m,200,78%,5.0,1,1,1,0,0,100.0,897.9390701000011,0.0,897.9390701000011,0.0
2025,5m,50,middle,1.5,51,51,24,27,0,47.05882352941176,272.48738175000835,1.262776185998005,1309.4435302499987,1036.9561484999904
2025,5m,50,middle,2.0,51,51,22,29,0,43.13725490196079,482.58541300001525,1.4338169297467454,1595.0026100000032,1112.417196999988
2025,5m,50,middle,2.5,51,51,20,31,0,39.21568627450981,545.6586202500148,1.4515826477678506,1753.983658750003,1208.3250384999883
2025,5m,50,middle,3.0,51,51,17,34,0,33.33333333333333,429.28928400002405,1.3239634145526518,1754.4058395000102,1325.1165554999861
2025,5m,50,middle,3.5,51,51,14,37,0,27.450980392156865,203.76977950000764,1.1414861584126204,1643.9797744999978,1440.2099949999902
2025,5m,50,middle,4.0,51,51,13,38,0,25.49019607843137,246.12403300000733,1.1664451000075975,1724.8340279999975,1478.7099949999902
2025,5m,50,middle,4.5,51,51,13,38,0,25.49019607843137,461.728286500007,1.3122507375085473,1940.4382814999972,1478.7099949999902
2025,5m,50,middle,5.0,51,51,12,39,0,23.52941176470588,474.58669000000737,1.31377612273532,1987.0876599999974,1512.50096999999
2025,5m,50,62%,1.5,51,51,25,26,0,49.01960784313725,342.26831758001936,1.2665032374467264,1626.561599940007,1284.2932823599876
2025,5m,50,62%,2.0,51,51,22,29,0,43.13725490196079,433.5831143800315,1.3022361110729659,1868.1671978000159,1434.5840834199844
2025,5m,50,62%,2.5,51,51,19,32,0,37.254901960784316,392.89022105004005,1.2487196137642922,1972.5413595500231,1579.651138499983
2025,5m,50,62%,3.0,51,51,15,36,0,29.411764705882355,24.585304720025306,1.013887221804965,1794.9397402800132,1770.354435559988
2025,5m,50,62%,3.5,51,51,15,36,0,29.411764705882355,323.7419281000275,1.182868425439126,2094.0963636600154,1770.354435559988
2025,5m,50,62%,4.0,51,51,14,37,0,27.450980392156865,412.78244288003407,1.2277574109468647,2225.160100160021,1812.377657279987
2025,5m,50,62%,4.5,51,51,10,41,0,19.607843137254903,-124.60483458998715,0.9364473837558265,1836.0514208700042,1960.6562554599914
2025,5m,50,62%,5.0,51,51,9,42,0,17.647058823529413,-223.8151019599718,0.8887152127259493,1787.377150300017,2011.192252259989
2025,5m,50,78%,1.5,51,51,24,27,0,47.05882352941176,281.6738724200168,1.1681102722059007,1957.2042771000106,1675.5304046799938
2025,5m,50,78%,2.0,51,51,21,30,0,41.17647058823529,385.77198056001725,1.2075942307285057,2244.070157760012,1858.2981771999948
2025,5m,50,78%,2.5,51,51,17,34,0,33.33333333333333,106.14864501001648,1.0505835557372636,2204.6299293500124,2098.481284339996
2025,5m,50,78%,3.0,51,51,17,34,0,33.33333333333333,547.074630880019,1.2607002668847163,2645.555915220015,2098.481284339996
2025,5m,50,78%,3.5,51,51,14,37,0,27.450980392156865,371.1443570600186,1.166018483881928,2606.704810220015,2235.5604531599965
2025,5m,50,78%,4.0,51,51,12,39,0,23.52941176470588,177.9731245200055,1.0757760666617382,2526.645104480005,2348.6719799599996
2025,5m,50,78%,4.5,51,51,10,41,0,19.607843137254903,-72.36349115999656,0.970483295688799,2379.2479894800035,2451.61148064
2025,5m,50,78%,5.0,51,51,9,42,0,17.647058823529413,-128.85997767999288,0.948560692233625,2376.2277320000067,2505.0877096799995
2025,5m,100,middle,1.5,6,6,2,4,0,33.33333333333333,-84.62034474999746,0.6728230758050409,174.01753125000323,258.6378760000007
2025,5m,100,middle,2.0,6,6,2,4,0,33.33333333333333,-26.61450099999638,0.8970974344067212,232.0233750000043,258.6378760000007
2025,5m,100,middle,2.5,6,6,1,5,0,16.666666666666664,-171.22699625000314,0.45904770743947226,145.3018337499998,316.5288300000029
2025,5m,100,middle,3.0,6,6,1,5,0,16.666666666666664,-142.16662950000318,0.5508572489273666,174.36220049999974,316.5288300000029
2025,5m,100,middle,3.5,6,6,0,6,0,0.0,-374.64956350000284,0.0,0.0,374.64956350000284
2025,5m,100,middle,4.0,6,6,0,6,0,0.0,-374.64956350000284,0.0,0.0,374.64956350000284
2025,5m,100,middle,4.5,6,6,0,6,0,0.0,-374.64956350000284,0.0,0.0,374.64956350000284
2025,5m,100,middle,5.0,6,6,0,6,0,0.0,-374.64956350000284,0.0,0.0,374.64956350000284
2025,5m,100,62%,1.5,6,6,2,4,0,33.33333333333333,-104.31423204999737,0.6743055744267431,215.96829002999584,320.2825220799932
2025,5m,100,62%,2.0,6,6,1,5,0,16.666666666666664,-247.4955314799954,0.3686436706236114,144.5105670799967,392.0060985599921
2025,5m,100,62%,2.5,6,6,1,5,0,16.666666666666664,-211.36788970999623,0.4608045882795143,180.63820884999586,392.0060985599921
2025,5m,100,62%,3.0,6,6,0,6,0,0.0,-464.26138209999044,0.0,0.0,464.26138209999044
2025,5m,100,62%,3.5,6,6,0,6,0,0.0,-464.26138209999044,0.0,0.0,464.26138209999044
2025,5m,100,62%,4.0,6,6,0,6,0,0.0,-464.26138209999044,0.0,0.0,464.26138209999044
2025,5m,100,62%,4.5,6,6,0,6,0,0.0,-464.26138209999044,0.0,0.0,464.26138209999044
2025,5m,100,62%,5.0,6,6,0,6,0,0.0,-464.26138209999044,0.0,0.0,464.26138209999044
2025,5m,100,78%,1.5,6,6,1,5,0,16.666666666666664,-355.9904312499948,0.2773858069846794,136.65202538999984,492.64245663999463
2025,5m,100,78%,2.0,6,6,1,5,0,16.666666666666664,-310.43975611999485,0.3698477426462392,182.20270051999978,492.64245663999463
2025,5m,100,78%,2.5,6,6,0,6,0,0.0,-583.7438068999945,0.0,0.0,583.7438068999945
2025,5m,100,78%,3.0,6,6,0,6,0,0.0,-583.7438068999945,0.0,0.0,583.7438068999945
2025,5m,100,78%,3.5,6,6,0,6,0,0.0,-583.7438068999945,0.0,0.0,583.7438068999945
2025,5m,100,78%,4.0,6,6,0,6,0,0.0,-583.7438068999945,0.0,0.0,583.7438068999945
2025,5m,100,78%,4.5,6,6,0,6,0,0.0,-583.7438068999945,0.0,0.0,583.7438068999945
2025,5m,100,78%,5.0,6,6,0,6,0,0.0,-583.7438068999945,0.0,0.0,583.7438068999945
2025,15m,50,middle,1.5,99,99,48,51,0,48.484848484848484,518.0903764999657,1.2020035123780017,3082.8496244999824,2564.7592480000167
2025,15m,50,middle,2.0,99,99,38,61,0,38.38383838383838,160.85841399994752,1.0531521678207905,3187.2338299999683,3026.375416000021
2025,15m,50,middle,2.5,99,99,34,65,0,34.34343434343434,454.4916867499487,1.1433664513070116,3624.631441249967,3170.139754500018
2025,15m,50,middle,3.0,99,99,29,70,0,29.292929292929294,279.00703299996894,1.082175878106417,3674.2495229999804,3395.2424900000115
2025,15m,50,middle,3.5,99,99,28,71,0,28.28282828282828,718.665439749966,1.2093023152306013,4152.289377249977,3433.6239375000114
2025,15m,50,middle,4.0,99,99,24,75,0,24.242424242424242,501.3298664999347,1.1394237499686877,4097.057757999952,3595.727891500017
2025,15m,50,middle,4.5,99,99,22,77,0,22.22222222222222,503.0094209999115,1.1363709669483233,4191.546887999932,3688.53746700002
2025,15m,50,middle,5.0,99,99,20,79,0,20.2020202020202,414.05481099991084,1.1095097887460694,4195.03928499993,3780.984474000019
2025,15m,50,62%,1.5,99,99,45,54,0,45.45454545454545,338.7014976299797,1.1025607398964532,3641.1493736099874,3302.4478759800077
2025,15m,50,62%,2.0,99,99,38,61,0,38.38383838383838,453.6970752999696,1.1236673858210855,4122.385244679979,3668.6881693800096
2025,15m,50,62%,2.5,99,99,32,67,0,32.323232323232325,252.59252278997337,1.062824541871078,4273.19522464998,4020.602701860007
2025,15m,50,62%,3.0,99,99,30,69,0,30.303030303030305,630.8038728399733,1.152378772883519,4770.513498419979,4139.709625580006
2025,15m,50,62%,3.5,99,99,28,71,0,28.28282828282828,851.2965906099616,1.1994884949250404,5118.69351958997,4267.396928980008
2025,15m,50,62%,4.0,99,99,24,75,0,24.242424242424242,434.2604568799725,1.0965655733003379,4931.312998879977,4497.052542000005
2025,15m,50,62%,4.5,99,99,20,79,0,20.2020202020202,-298.64589637002246,0.9370262033899708,4443.737641649981,4742.3835380200035
2025,15m,50,62%,5.0,99,99,17,82,0,17.17171717171717,-978.8061535999841,0.8017822575390184,3959.2288651000126,4938.035018699997
2025,15m,50,78%,1.5,99,99,42,57,0,42.42424242424242,-121.00144258003274,0.9723377209431722,4253.2383780599885,4374.239820640021
2025,15m,50,78%,2.0,99,99,36,63,0,36.36363636363637,2.1908428599854233,1.0004558787533573,4807.948610359999,4805.757767500014
2025,15m,50,78%,2.5,99,99,33,66,0,33.33333333333333,462.70200039998963,1.09221565248286,5480.310052200002,5017.608051800013
2025,15m,50,78%,3.0,99,99,26,73,0,26.262626262626267,-403.3461770800095,0.9267726493208799,5104.789421700003,5508.1355987800125
2025,15m,50,78%,3.5,99,99,22,77,0,22.22222222222222,-940.5611293399979,0.8382966195929102,4876.021844820012,5816.58297416001
2025,15m,50,78%,4.0,99,99,19,80,0,19.19191919191919,-1476.3296746799788,0.7565038575022237,4586.721918400028,6063.051593080007
2025,15m,50,78%,4.5,99,99,18,81,0,18.181818181818183,-1240.2314442699972,0.7974923487533112,4884.136877790013,6124.3683220600105
2025,15m,50,78%,5.0,99,99,18,81,0,18.181818181818183,-697.5495689599957,0.8861026097259014,5426.818753100015,6124.3683220600105
2025,15m,100,middle,1.5,33,33,10,23,0,30.303030303030305,-578.3350285000251,0.6447887485683915,1049.808860999985,1628.1438895000101
2025,15m,100,middle,2.0,33,33,7,26,0,21.21212121212121,-816.7926790000347,0.5522645497211394,1007.4825229999769,1824.2752020000116
2025,15m,100,middle,2.5,33,33,7,26,0,21.21212121212121,-564.9220482500405,0.6903306871514242,1259.3531537499712,1824.2752020000116
2025,15m,100,middle,3.0,33,33,5,28,0,15.151515151515152,-840.1002855000297,0.5705090928528773,1115.9371334999778,1956.0374190000075
2025,15m,100,middle,3.5,33,33,5,28,0,15.151515151515152,-654.1107632500334,0.6655939416616902,1301.926655749974,1956.0374190000075
2025,15m,100,middle,4.0,33,33,4,29,0,12.121212121212121,-795.8299460000417,0.606332533621865,1225.7492139999667,2021.5791600000084
2025,15m,100,middle,4.5,33,33,4,29,0,12.121212121212121,-642.6112942500458,0.6821241003245981,1378.9678657499626,2021.5791600000084
2025,15m,100,middle,5.0,33,33,4,29,0,12.121212121212121,-489.39264250005,0.7579156670273313,1532.1865174999584,2021.5791600000084
2025,15m,100,62%,1.5,33,33,10,23,0,30.303030303030305,-701.2202474300157,0.651644107435584,1311.721868369992,2012.9421158000077
2025,15m,100,62%,2.0,33,33,9,24,0,27.27272727272727,-550.768715380018,0.7387912429551841,1557.7697639999897,2108.5384793800076
2025,15m,100,62%,2.5,33,33,7,26,0,21.21212121212121,-735.3233597200178,0.6764307245630541,1537.214286899989,2272.537646620007
2025,15m,100,62%,3.0,33,33,6,27,0,18.181818181818183,-753.4571876200207,0.6799154580953867,1600.4746303199863,2353.931817940007
2025,15m,100,62%,3.5,33,33,5,28,0,15.151515151515152,-862.933915900021,0.6459811767564203,1574.6029020399856,2437.5368179400066
2025,15m,100,62%,4.0,33,33,5,28,0,15.151515151515152,-637.9906441800231,0.7382642020073374,1799.5461737599835,2437.5368179400066
2025,15m,100,62%,4.5,33,33,4,29,0,12.121212121212121,-1117.1186801800322,0.5645694784053475,1448.4311027999756,2565.549782980008
2025,15m,100,62%,5.0,33,33,2,31,0,6.0606060606060606,-1902.0746796999956,0.3015292043330616,821.1239014000057,2723.1985811000013
2025,15m,100,78%,1.5,33,33,10,23,0,30.303030303030305,-958.9913046200254,0.625916577739553,1604.584752359986,2563.5760569800113
2025,15m,100,78%,2.0,33,33,8,25,0,24.242424242424242,-1045.0750231800157,0.6227925604283214,1725.4828013599908,2770.5578245400065
2025,15m,100,78%,2.5,33,33,7,26,0,21.21212121212121,-972.5619306200151,0.6614925342351538,1900.5266389999906,2873.0885696200057
2025,15m,100,78%,3.0,33,33,6,27,0,18.181818181818183,-1013.4366028200129,0.6597303226349781,1964.8969667999918,2978.3335696200047
2025,15m,100,78%,3.5,33,33,5,28,0,15.151515151515152,-1410.376175940015,0.5507377945517188,1728.94014943999,3139.316325380005
2025,15m,100,78%,4.0,33,33,3,30,0,9.090909090909092,-2156.027137419991,0.3540660930453874,1181.8176702400087,3337.84480766
2025,15m,100,78%,4.5,33,33,3,30,0,9.090909090909092,-2008.29992863999,0.39832435467606087,1329.5448790200098,3337.84480766
2025,15m,100,78%,5.0,33,33,3,30,0,9.090909090909092,-1860.5727198599889,0.4425826163067343,1477.272087800011,3337.84480766
2025,15m,150,middle,1.5,12,12,5,7,0,41.66666666666667,7.939425249989654,1.0130402011464745,616.7816632499871,608.8422379999975
2025,15m,150,middle,2.0,12,12,4,8,0,33.33333333333333,-18.047524500012514,0.9736930300554131,667.9883259999842,686.0358504999967
2025,15m,150,middle,2.5,12,12,4,8,0,33.33333333333333,148.94955699998354,1.2171162875692665,834.9854074999803,686.0358504999967
2025,15m,150,middle,3.0,12,12,3,9,0,25.0,-1.8160415000056673,0.9976275673369844,763.6604789999874,765.4765204999931
2025,15m,150,middle,3.5,12,12,3,9,0,25.0,125.46070499999223,1.1638988285598153,890.9372254999853,765.4765204999931
2025,15m,150,middle,4.0,12,12,3,9,0,25.0,252.73745149999013,1.330170089782646,1018.2139719999832,765.4765204999931
2025,15m,150,middle,4.5,12,12,3,9,0,25.0,380.014197999988,1.4964413510054766,1145.490718499981,765.4765204999931
2025,15m,150,middle,5.0,12,12,3,9,0,25.0,507.2909444999859,1.6627126122283074,1272.767464999979,765.4765204999931
2025,15m,150,62%,1.5,12,12,5,7,0,41.66666666666667,10.825759989997096,1.0143440944631974,765.5447154299964,754.7189554399993
2025,15m,150,62%,2.0,12,12,4,8,0,33.33333333333333,-20.781758940003783,0.9755599382074464,829.5335600799954,850.3153190199992
2025,15m,150,62%,2.5,12,12,3,9,0,25.0,-159.67043128000296,0.8317931012365246,789.5797626999956,949.2501939799986
2025,15m,150,62%,3.0,12,12,3,9,0,25.0,-1.754478740003833,0.9981517214838296,947.4957152399948,949.2501939799986
2025,15m,150,62%,3.5,12,12,3,9,0,25.0,156.1614737999953,1.1645103417311344,1105.4116677799939,949.2501939799986
2025,15m,150,62%,4.0,12,12,3,9,0,25.0,314.0774263399944,1.3308689619784395,1263.327620319993,949.2501939799986
2025,15m,150,62%,4.5,12,12,2,10,0,16.666666666666664,-232.07792884001356,0.7845670977450507,845.1852301799863,1077.2631590199999
2025,15m,150,62%,5.0,12,12,1,11,0,8.333333333333332,-697.3185665399942,0.4042328327922469,473.1362771000022,1170.4548436399964
2025,15m,150,78%,1.5,12,12,4,8,0,33.33333333333333,-285.6592062400068,0.7328676535667653,783.6954041399931,1069.35461038
2025,15m,150,78%,2.0,12,12,3,9,0,25.0,-399.20884957999806,0.665733109713333,795.0729090399982,1194.2817586199963
2025,15m,150,78%,2.5,12,12,3,9,0,25.0,-200.4406223199985,0.8321663871416662,993.8411362999977,1194.2817586199963
2025,15m,150,78%,3.0,12,12,3,9,0,25.0,-1.672395059998962,0.9985996645699995,1192.6093635599973,1194.2817586199963
2025,15m,150,78%,3.5,12,12,2,10,0,16.666666666666664,-527.3265687200001,0.6109050571863897,827.9379456599963,1355.2645143799964
2025,15m,150,78%,4.0,12,12,1,11,0,8.333333333333332,-995.5845432399838,0.32391428373453185,476.9869359200093,1472.571479159993
2025,15m,150,78%,4.5,12,12,1,11,0,8.333333333333332,-935.9611762499826,0.36440356920134837,536.6103029100104,1472.571479159993
2025,15m,150,78%,5.0,12,12,1,11,0,8.333333333333332,-876.3378092599814,0.4048928546681648,596.2336699000116,1472.571479159993
2025,15m,200,middle,1.5,1,1,1,0,0,100.0,154.92843299999913,0.0,154.92843299999913,0.0
2025,15m,200,middle,2.0,1,1,1,0,0,100.0,206.57124399999884,0.0,206.57124399999884,0.0
2025,15m,200,middle,2.5,1,1,1,0,0,100.0,258.21405499999855,0.0,258.21405499999855,0.0
2025,15m,200,middle,3.0,1,1,1,0,0,100.0,309.85686599999826,0.0,309.85686599999826,0.0
2025,15m,200,middle,3.5,1,1,1,0,0,100.0,361.499676999998,0.0,361.499676999998,0.0
2025,15m,200,middle,4.0,1,1,1,0,0,100.0,413.1424879999977,0.0,413.1424879999977,0.0
2025,15m,200,middle,4.5,1,1,1,0,0,100.0,464.7852989999974,0.0,464.7852989999974,0.0
2025,15m,200,middle,5.0,1,1,1,0,0,100.0,516.4281099999971,0.0,516.4281099999971,0.0
2025,15m,200,62%,1.5,1,1,1,0,0,100.0,192.01944756000194,0.0,192.01944756000194,0.0
2025,15m,200,62%,2.0,1,1,1,0,0,100.0,256.0259300800026,0.0,256.0259300800026,0.0
2025,15m,200,62%,2.5,1,1,1,0,0,100.0,320.0324126000032,0.0,320.0324126000032,0.0
2025,15m,200,62%,3.0,1,1,1,0,0,100.0,384.0388951200039,0.0,384.0388951200039,0.0
2025,15m,200,62%,3.5,1,1,1,0,0,100.0,448.0453776400045,0.0,448.0453776400045,0.0
2025,15m,200,62%,4.0,1,1,1,0,0,100.0,512.0518601600052,0.0,512.0518601600052,0.0
2025,15m,200,62%,4.5,1,1,0,1,0,0.0,-128.0129650400013,0.0,0.0,128.0129650400013
2025,15m,200,62%,5.0,1,1,0,1,0,0.0,-128.0129650400013,0.0,0.0,128.0129650400013
2025,15m,200,78%,1.5,1,1,1,0,0,100.0,241.47413364000022,0.0,241.47413364000022,0.0
2025,15m,200,78%,2.0,1,1,1,0,0,100.0,321.9655115200003,0.0,321.9655115200003,0.0
2025,15m,200,78%,2.5,1,1,1,0,0,100.0,402.45688940000036,0.0,402.45688940000036,0.0
2025,15m,200,78%,3.0,1,1,1,0,0,100.0,482.94826728000044,0.0,482.94826728000044,0.0
2025,15m,200,78%,3.5,1,1,0,1,0,0.0,-160.98275576000015,0.0,0.0,160.98275576000015
2025,15m,200,78%,4.0,1,1,0,1,0,0.0,-160.98275576000015,0.0,0.0,160.98275576000015
2025,15m,200,78%,4.5,1,1,0,1,0,0.0,-160.98275576000015,0.0,0.0,160.98275576000015
2025,15m,200,78%,5.0,1,1,0,1,0,0.0,-160.98275576000015,0.0,0.0,160.98275576000015
